tconst,directors
tt0327785,nm0675102
tt0427340,nm1325899
tt0439572,nm0615592
tt0899043,nm0369949
tt1001520,nm0004217
tt10028196,nm2378914
tt10078772,nm0000154
tt10083340,nm0080220
tt10098448,nm2296528
tt10098448,nm3634546
tt10128846,nm0000338
tt10151854,nm2497546
tt10160976,nm1980431
tt10168670,nm0345174
tt10223460,nm0192478
tt10276482,nm1475479
tt10298810,nm0533691
tt10298840,nm2320658
tt10298840,nm5945690
tt10304142,nm0751102
tt10343028,nm0336695
tt10364034,nm5091631
tt10365998,nm0188722
tt10366206,nm0821432
tt10374610,nm1349376
tt10403420,nm2093171
tt10473036,nm0312881
tt10473036,nm3154064
tt10505918,nm1335387
tt10545296,nm1349376
tt10545696,nm0496312
tt10548174,nm0000965
tt10638522,nm4053334
tt10638522,nm4073140
tt10640346,nm3227090
tt10648342,nm0169806
tt10651230,nm3699790
tt10651230,nm1364790
tt10655524,nm1682573
tt10665342,nm0337773
tt10676048,nm4804442
tt10676052,nm0787687
tt10698680,nm6073824
tt10701074,nm0711745
tt10720352,nm0148116
tt10731256,nm1312575
tt10737918,nm0383688
tt10737918,nm1688972
tt10767052,nm0169806
tt10786774,nm1126068
tt10806040,nm6474441
tt10855768,nm4946908
tt10855768,nm4148345
tt10954600,nm0715636
tt10954718,nm0368614
tt10954984,nm1443502
tt11013610,nm2934741
tt11057302,nm1237416
tt11068094,nm0286975
tt11075264,nm7881475
tt11092020,nm0138620
tt11138512,nm3211470
tt11145118,nm0430107
tt11152168,nm1024677
tt11198810,nm0775056
tt11210390,nm0133899
tt11214558,nm1509478
tt11240348,nm0588679
tt11245972,nm2366012
tt11245972,nm2419470
tt11252248,nm1730221
tt11252248,nm1475594
tt11291274,nm3230448
tt11304740,nm0118333
tt11304740,nm3086932
tt11315808,nm0680846
tt11347146,nm3436850
tt11358390,nm0003021
tt11365186,nm0142286
tt11378946,nm0298807
tt11389872,nm1226871
tt11448138,nm3125415
tt11466222,nm0871860
tt11563598,nm0003506
tt11564570,nm0426059
tt11655566,nm3255797
tt11703244,nm1103162
tt11703710,nm0193508
tt11762114,nm7120954
tt11762114,nm3103850
tt11813216,nm1732981
tt11821912,nm2270180
tt11827628,nm0132709
tt11851548,nm0068587
tt11858890,nm2284484
tt11952606,nm0151540
tt11976134,nm1460159
tt1200263,nm7577540
tt12003946,nm2482088
tt12037194,nm0004306
tt12042730,nm0520488
tt12042730,nm0588087
tt12193804,nm0501435
tt12261776,nm1399714
tt12261776,nm1456816
tt12299608,nm0094435
tt12300742,nm0487166
tt12349832,nm6849061
tt12412888,nm1733778
tt12532368,nm2588135
tt12532368,nm0823721
tt12584954,nm1818032
tt12593682,nm0500610
tt1262426,nm0160840
tt12672536,nm1113528
tt12672620,nm1113528
tt12735488,nm5645455
tt12844910,nm1893457
tt12873562,nm3701612
tt12908150,nm1093039
tt12915716,nm3819854
tt12921446,nm0337773
tt13070038,nm2500541
tt13186482,nm1503575
tt13223398,nm0466349
tt13238346,nm10227660
tt13287846,nm0000631
tt13320622,nm1887480
tt13320622,nm1519639
tt13345606,nm2091846
tt13361648,nm0404485
tt13375076,nm1170339
tt1340094,nm2782185
tt13405778,nm0933940
tt1341338,nm0893659
tt13433802,nm3968825
tt13484872,nm2806693
tt13521006,nm4170048
tt13531468,nm0458251
tt13539646,nm4914792
tt13560574,nm1488800
tt13622970,nm3989471
tt13622970,nm2911364
tt13622970,nm2834849
tt13640696,nm3437361
tt13645322,nm3902889
tt13650700,nm3226379
tt13655120,nm1363250
tt13669038,nm0001631
tt13751694,nm9227039
tt13818368,nm1893457
tt13833688,nm0004716
tt13841850,nm0307497
tt13848804,nm2946490
tt13927994,nm6073824
tt13957560,nm0318916
tt14044924,nm3292009
tt14060094,nm0931251
tt14088510,nm3079735
tt14088510,nm1484245
tt14099334,nm3603873
tt14099334,nm18076132
tt14099796,nm0159039
tt14107334,nm0942367
tt14109724,nm0662530
tt14121726,nm1993322
tt14188930,nm10365311
tt14205554,nm2282774
tt14205554,nm3133422
tt14208870,nm0000229
tt14209618,nm0788171
tt14209916,nm0006969
tt14230388,nm0027572
tt14230458,nm0487166
tt14260836,nm1243905
tt14351082,nm1920049
tt14362112,nm0230666
tt14362112,nm2142520
tt14402146,nm0005222
tt14403504,nm1950742
tt14415204,nm0014960
tt14439896,nm6793979
tt14444726,nm0276062
tt1448754,nm0744834
tt14513804,nm1564809
tt14534796,nm1267707
tt14536120,nm3996001
tt14537248,nm0465484
tt14537248,nm0813301
tt14539740,nm1417392
tt14542254,nm1473428
tt14564000,nm1894520
tt14570440,nm2343031
tt1462764,nm0003506
tt1464335,nm0281508
tt14668630,nm0330347
tt14668630,nm0817447
tt14824600,nm0436784
tt14846026,nm1118351
tt14849194,nm0668247
tt14850054,nm0006846
tt14858658,nm2368789
tt14905854,nm2125482
tt1493274,nm0004716
tt14941698,nm1955897
tt14948432,nm0440458
tt14961016,nm0758574
tt14966898,nm1637876
tt14966898,nm1454108
tt15006566,nm2507695
tt15009428,nm0891216
tt15047880,nm0000229
tt15140278,nm0000095
tt15153532,nm2307949
tt15163652,nm6474441
tt1517268,nm1950086
tt15239678,nm0898288
tt15268244,nm1004604
tt1527793,nm0661791
tt15301048,nm1377207
tt15314262,nm0043742
tt15325794,nm1470993
tt15327088,nm6142895
tt15334488,nm2500541
tt15352542,nm1349864
tt15354916,nm5961051
tt15380630,nm8526249
tt15398776,nm0634240
tt15428134,nm0386246
tt15464390,nm6014257
tt15474916,nm6475689
tt15501640,nm2391751
tt15574270,nm5313125
tt15654328,nm7992231
tt15671028,nm1969144
tt15678738,nm0192424
tt15678738,nm1814874
tt15679400,nm0796117
tt15685876,nm6650012
tt15732324,nm3538058
tt15744298,nm0603628
tt15789038,nm0812307
tt15791034,nm1199107
tt15801594,nm13076179
tt15837338,nm2117510
tt15838850,nm4037204
tt15980138,nm10091986
tt1609486,nm0757858
tt16150082,nm10561853
tt16194408,nm0007139
tt16194408,nm0155280
tt16194408,nm0482592
tt16280138,nm0001752
tt1630029,nm0000116
tt16311594,nm2676052
tt16366836,nm0545150
tt16374352,nm1358366
tt16419074,nm0000255
tt16426418,nm0345174
tt16428256,nm1396121
tt16539454,nm1335875
tt16550628,nm2979103
tt16606592,nm3619993
tt16731908,nm0604335
tt1674782,nm3536642
tt1684562,nm0500610
tt16915972,nm1322135
tt1695843,nm2282177
tt17009710,nm2630323
tt17024450,nm0298807
tt1723808,nm0573732
tt17277414,nm0494069
tt17279496,nm0307497
tt17351056,nm0165105
tt17351924,nm2193504
tt1745960,nm2676052
tt17490712,nm2585406
tt17491040,nm4422247
tt17494686,nm1672163
tt17505010,nm0000126
tt17507018,nm5900926
tt17507018,nm5708429
tt17526714,nm0267287
tt17527468,nm7681231
tt1757678,nm0000116
tt17663992,nm2366012
tt17663992,nm2419470
tt1798632,nm8928699
tt18069420,nm1844237
tt18072316,nm1804614
tt18079362,nm5568803
tt18259086,nm1733778
tt18272208,nm0000709
tt18411490,nm1834891
tt18412256,nm1793079
tt18559464,nm1177914
tt1856080,nm0000123
tt1877830,nm0716257
tt18925334,nm1488800
tt18926098,nm5099464
tt1896747,nm0075528
tt19356262,nm0001053
tt19406606,nm7435284
tt19623240,nm6294482
tt19637052,nm3819217
tt19760052,nm0870841
tt19838566,nm1101339
tt19841734,nm0308039
tt19847976,nm0160840
tt19864802,nm1827931
tt19894774,nm0172989
tt20168564,nm1569807
tt20215234,nm0074163
tt20215968,nm0000500
tt20221436,nm0002191
tt20234774,nm4824763
tt20316748,nm1110912
tt20330434,nm0654830
tt2049403,nm0000318
tt20768712,nm2250139
tt20850406,nm2380725
tt20969586,nm1500577
tt20990442,nm3258390
tt21027780,nm0442454
tt21064584,nm1699934
tt21114104,nm0273208
tt21188080,nm0931958
tt21191906,nm9339422
tt21191906,nm3488335
tt21192142,nm0354091
tt21235248,nm1481493
tt21261712,nm0853374
tt21352380,nm0619923
tt21352380,nm0865918
tt21454134,nm2158772
tt21478426,nm1248409
tt21692408,nm0593610
tt21692408,nm7067057
tt21800162,nm0181246
tt21807222,nm0340436
tt21815562,nm0001469
tt21823606,nm0251986
tt21825416,nm0926449
tt21942866,nm5589501
tt22022452,nm1626375
tt22036406,nm2350892
tt22041854,nm0001068
tt22048412,nm1488800
tt22050754,nm0001317
tt22408160,nm0487166
tt22444570,nm0711745
tt22543326,nm5325427
tt22543326,nm9012891
tt22687790,nm0000110
tt22742964,nm7415410
tt22866358,nm5029795
tt22868010,nm0304521
tt22898462,nm1980431
tt23049206,nm0233123
tt23060698,nm0185848
tt23137390,nm2278537
tt2316548,nm0474955
tt23173980,nm4097598
tt23177868,nm5231416
tt23289160,nm0945724
tt23330554,nm6294482
tt23468450,nm0674020
tt2347285,nm0420817
tt23561236,nm6852255
tt23572848,nm0238757
tt23638614,nm4870080
tt23638614,nm3522635
tt23778968,nm3936882
tt23790696,nm5039798
tt23790740,nm1571874
tt23804696,nm10466813
tt23853982,nm0815204
tt23865918,nm4943022
tt23875550,nm1962192
tt24176060,nm0345174
tt24516518,nm3642647
tt24517830,nm2945270
tt24577462,nm0919363
tt2467700,nm0785227
tt24950660,nm3263357
tt25377462,nm1210422
tt25433734,nm14427265
tt25434854,nm7291131
tt25808194,nm3649696
tt26047818,nm0323239
tt26233598,nm1333687
tt26237514,nm0464548
tt26238710,nm2124394
tt26342662,nm2067421
tt26439764,nm6142895
tt26443597,nm1158544
tt26443597,nm0397174
tt26443616,nm5512802
tt26445483,nm1805326
tt26446278,nm0478799
tt26446278,nm1141181
tt26581740,nm1199107
tt26584495,nm1289733
tt26657236,nm10735410
tt26658104,nm0905592
tt26684398,nm0299173
tt26684398,nm12664801
tt26731216,nm1731937
tt26736843,nm10064730
tt26743210,nm0213450
tt26745657,nm0447240
tt26753003,nm0796117
tt26903104,nm9445831
tt26927452,nm4099092
tt26932223,nm0063357
tt26936666,nm4377096
tt27004148,nm1322135
tt27047903,nm0932078
tt27056012,nm2414127
tt27118357,nm9055195
tt27131358,nm1259871
tt27155038,nm0210320
tt27155038,nm7172293
tt27196021,nm2139803
tt27403986,nm0000142
tt27419466,nm2371802
tt27431598,nm6572056
tt27441481,nm7992231
tt27487934,nm1862815
tt27489557,nm2366012
tt27489557,nm2419470
tt27490099,nm0500976
tt27502365,nm0001429
tt27503384,nm0000694
tt27534307,nm1220140
tt27540217,nm7587855
tt27543578,nm2106637
tt27543632,nm0082450
tt27564844,nm6179964
tt27587485,nm1670494
tt27613895,nm2826643
tt27613895,nm2411105
tt27657135,nm0718646
tt27681354,nm0005363
tt27712015,nm3851426
tt27714581,nm1258686
tt27714946,nm0674020
tt27744786,nm2134474
tt27757805,nm9341997
tt27847051,nm2207625
tt27852049,nm1754432
tt27907811,nm6649966
tt27907811,nm11220767
tt27911000,nm2093171
tt27922706,nm2590164
tt27995594,nm4853354
tt28015403,nm1399714
tt28015403,nm1456816
tt28037987,nm1887138
tt28078628,nm0573732
tt28083456,nm0177896
tt28151876,nm7896231
tt28249919,nm0001752
tt28259207,nm2418372
tt28288786,nm9214307
tt28358950,nm2572228
tt28363783,nm5209680
tt28443655,nm3659547
tt28607951,nm0048918
tt28630624,nm10566938
tt28650488,nm1739338
tt28650488,nm2398585
tt28650488,nm2966857
tt28650488,nm6042133
tt28671344,nm0001317
tt28682323,nm0001317
tt28696532,nm0037136
tt28696532,nm1069607
tt28763074,nm3125415
tt28814949,nm3532802
tt28856462,nm8712409
tt28996126,nm3464186
tt29031019,nm4647793
tt2906216,nm0197855
tt2906216,nm0326246
tt29137778,nm1351912
tt29268110,nm6475689
tt29344903,nm5132581
tt29344974,nm2034165
tt29354040,nm0461498
tt29354040,nm3681833
tt29355505,nm0004056
tt29355505,nm7499718
tt29383379,nm8386553
tt29439114,nm0000264
tt29540862,nm0698184
tt29544253,nm0193484
tt29544253,nm1843105
tt29567915,nm0888743
tt29603959,nm3228270
tt29603959,nm1793586
tt29606499,nm6176498
tt29623480,nm0761498
tt2963262,nm1970598
tt29644189,nm0220600
tt30017619,nm2010048
tt30017619,nm2119035
tt30024043,nm0947447
tt30057084,nm0717603
tt30144839,nm0000759
tt30253473,nm10227660
tt30274401,nm0849747
tt30327451,nm0183686
tt30343021,nm0108132
tt30387012,nm5326250
tt30395619,nm1417038
tt30472557,nm4181283
tt30476486,nm4679096
tt30476518,nm0946020
tt30505698,nm2440581
tt30645201,nm0001053
tt30788842,nm0262389
tt30795948,nm6113836
tt30825738,nm0269463
tt30827810,nm1108556
tt30829309,nm3954274
tt30840798,nm0027572
tt30851137,nm0350454
tt30908405,nm0000816
tt30955489,nm2497546
tt30970235,nm8915138
tt30988739,nm0001752
tt31036941,nm2284484
tt31050594,nm0067457
tt31064841,nm1365879
tt31170389,nm7146773
tt31176520,nm4170048
tt31184028,nm5479260
tt31193180,nm3363032
tt31193791,nm0178886
tt31195136,nm1296554
tt31227572,nm0870469
tt31314296,nm1429471
tt31390893,nm1299011
tt31392609,nm5503969
tt31434030,nm0000108
tt31434639,nm0307497
tt31434639,nm4918648
tt31514146,nm0428600
tt31712434,nm1436693
tt31727267,nm0637493
tt31728330,nm5001945
tt31844586,nm1118351
tt31888477,nm0193508
tt31898445,nm5484821
tt31923069,nm0178376
tt31945132,nm5366274
tt31956415,nm0304091
tt31969779,nm0080235
tt31973693,nm0005366
tt32063050,nm2385621
tt32080876,nm11065997
tt32093575,nm1639277
tt32104007,nm2296528
tt32141377,nm4804442
tt32149847,nm0484907
tt32159989,nm0345174
tt32178949,nm1488024
tt32214143,nm3112957
tt32221196,nm3686050
tt32223398,nm3990580
tt32246771,nm4053334
tt32246771,nm4073140
tt32284154,nm11266234
tt32298285,nm3890574
tt32299316,nm2015237
tt32306991,nm3057695
tt32306991,nm8451296
tt32321317,nm7502337
tt32332404,nm0674020
tt32357218,nm0006846
tt32369229,nm5052587
tt32369229,nm5366442
tt32430579,nm1717925
tt32547691,nm2285536
tt32558992,nm2063694
tt32565993,nm0049633
tt32606470,nm0753423
tt32612507,nm2091846
tt32649961,nm0950759
tt32820897,nm1417038
tt32820897,nm2137662
tt32843325,nm4069612
tt32890033,nm1853544
tt32897959,nm2193504
tt3291150,nm0915304
tt32916440,nm1343394
tt33014583,nm2336554
tt33028778,nm1266897
tt33034103,nm1721001
tt33046197,nm3924049
tt33057137,nm0541909
tt33071426,nm5589501
tt33088452,nm1837748
tt33244668,nm3230448
tt33245761,nm14436638
tt33296751,nm4173215
tt33311069,nm0849459
tt33372494,nm7761751
tt33381728,nm5728875
tt33381728,nm9607402
tt33412884,nm3525879
tt33612209,nm0291205
tt33714084,nm2726305
tt33763941,nm0004217
tt33978029,nm2366012
tt33978029,nm2419470
tt3402138,nm1676223
tt3427252,nm3699074
tt34365591,nm16669996
tt34459219,nm1926903
tt3447590,nm0911334
tt34621892,nm0002645
tt34888646,nm3401779
tt34888646,nm3634546
tt34956443,nm1169562
tt34996428,nm1286935
tt34996428,nm1287124
tt35019998,nm1464314
tt35064672,nm1223294
tt35222590,nm2929057
tt35231039,nm0498212
tt35291758,nm0711840
tt35521922,nm3828044
tt35524793,nm11789308
tt3566834,nm0381478
tt35672862,nm2163762
tt35892608,nm3688666
tt36352591,nm0192478
tt36491653,nm0070159
tt36598036,nm3937169
tt3704428,nm0525303
tt37287335,nm10533874
tt37333137,nm1665004
tt3758542,nm0000520
tt37956153,nm12281560
tt38350059,nm0638115
tt38693888,nm6432419
tt39018643,nm0000116
tt39018643,nm8483808
tt39139925,nm2336554
tt39143902,nm3184288
tt3915174,nm3150455
tt3915174,nm2591093
tt39316472,nm0871860
tt4045450,nm3066492
tt4123432,nm0946734
tt4216984,nm1191481
tt4357198,nm3621304
tt4428398,nm0047193
tt4428398,nm0462988
tt4428398,nm0591450
tt4495098,nm0088955
tt4589218,nm0849747
tt4627382,nm0161834
tt4712810,nm0281508
tt4772188,nm6478535
tt4873118,nm0005363
tt4900148,nm2937122
tt4900148,nm6461347
tt4900148,nm7626019
tt4919268,nm4816401
tt4919268,nm4263190
tt4960748,nm2703824
tt4978420,nm0744834
tt4996328,nm0348197
tt4998632,nm0000881
tt5040012,nm3211470
tt5090568,nm4023702
tt5108870,nm1174251
tt5113044,nm0049633
tt5113044,nm1556070
tt5113044,nm3646390
tt5177120,nm0005363
tt5181260,nm0348197
tt5433140,nm0504642
tt5500218,nm1170339
tt5525650,nm1720336
tt5537002,nm0000217
tt5672290,nm6674331
tt5761544,nm0006846
tt5779228,nm0227540
tt5822536,nm2756007
tt5834426,nm0000386
tt5884796,nm0724938
tt5950044,nm0348181
tt5971474,nm0551128
tt6133444,nm1121126
tt6166392,nm1653753
tt6208148,nm1989536
tt6263850,nm0506613
tt6443346,nm1429471
tt6455162,nm0063357
tt6495056,nm2883649
tt6495056,nm3157077
tt6528290,nm1313617
tt6587046,nm0594503
tt6604188,nm1461392
tt6685538,nm4871153
tt6685538,nm9514641
tt6685538,nm7435670
tt6710474,nm3453283
tt6710474,nm3215397
tt6718170,nm1739338
tt6718170,nm2398585
tt6718170,nm2966857
tt6718170,nm6042133
tt6722802,nm0001403
tt6791350,nm0348181
tt6881490,nm2647119
tt6906292,nm0030735
tt6979756,nm4069612
tt7068946,nm0640334
tt7093904,nm4061621
tt7093904,nm1050535
tt7160372,nm0322242
tt7171442,nm4915522
tt7181546,nm0936482
tt7322224,nm1128037
tt7405458,nm0286975
tt7466442,nm0098908
tt7466442,nm0220615
tt7510222,nm0719208
tt7510222,nm0216133
tt7599146,nm1920049
tt7657566,nm0000110
tt7693316,nm2300570
tt7967302,nm3529416
tt7985704,nm0005363
tt8008948,nm0345615
tt8036976,nm0000600
tt8041270,nm1119880
tt8080204,nm0001675
tt8093700,nm0697656
tt8097030,nm7626019
tt8110652,nm0717603
tt8115900,nm2010048
tt8178634,nm1442514
tt8277246,nm5278287
tt8356942,nm1334526
tt8368368,nm4389150
tt8373206,nm2884474
tt8521778,nm3232264
tt8589698,nm6676487
tt8589698,nm5859016
tt8760708,nm2067421
tt8790086,nm1170855
tt8814476,nm0318916
tt8864596,nm2155757
tt8912936,nm2972864
tt8912936,nm0505946
tt8999762,nm1227232
tt9006564,nm6272974
tt9044418,nm2973729
tt9051908,nm3564996
tt9100018,nm3306595
tt9104736,nm1160374
tt9114286,nm3363032
tt9150192,nm0043742
tt9179430,nm7992231
tt9185206,nm2609807
tt9198364,nm0004306
tt9214772,nm2353862
tt9218128,nm0000631
tt9224104,nm1296554
tt9362722,nm1690966
tt9362722,nm5358492
tt9362722,nm1042511
tt9362930,nm3924049
tt9411972,nm3229507
tt9419884,nm0000600
tt9603208,nm0003160
tt9603212,nm0003160
tt9619824,nm0513554
tt9619824,nm1437652
tt9663764,nm1490123
tt9682428,nm3241399
tt9731598,nm0831557
tt9764362,nm0617042
tt9848626,nm0238757
tt9848626,nm5844211
