tconst,primaryTitle,startYear,runtimeMinutes,averageRating,numVotes
tt2963262,Limonov: The Ballad of Eddie,2024,138,5.8,1519
tt34888646,I Can Only Imagine 2,2026,110,7.1,1566
tt9044418,MR-9: Do or Die,2023,106,3.4,1567
tt27502365,Kubi,2023,131,6.4,1594
tt11448138,Ivanna,2022,103,5.8,1637
tt30829309,Pegasus 2,2024,121,6.9,1675
tt7171442,Escape from the 21st Century,2024,98,6.4,1687
tt21114104,A Moroccan Affair,2023,97,5.0,1716
tt32369229,Blood Brothers: Fury of the Dragon,2025,129,6.9,1725
tt28078628,Soul on Fire,2025,112,6.6,1746
tt27712015,Only 3 Days Left,2023,90,5.3,1746
tt16194408,Water Gate Bridge,2022,153,5.6,1756
tt16150082,Hobal,2024,114,7.7,1789
tt14044924,Hi-Five,2025,119,6.5,1805
tt13361648,The New Toy,2022,112,5.9,1826
tt14099796,The Goldfinger,2023,126,6.2,1848
tt32843325,Creation of the Gods II: Demon Force,2025,145,6.2,1895
tt11347146,Mat Kilau,2022,117,5.5,1971
tt29544253,Night of the Zoopocalypse,2024,91,6.0,2085
tt21191906,After Death,2023,108,6.3,2102
tt29344974,How Could I Live Without You?,2024,105,6.4,2189
tt16550628,Chebi: My Fluffy Friend,2023,113,5.7,2202
tt17494686,Decibel,2022,110,6.1,2254
tt33381728,Ejen Ali: The Movie 2,2025,115,7.7,2292
tt34459219,The Breadwinner,2026,99,5.8,2306
tt33412884,Patriot,2026,180,6.2,2310
tt7093904,Dragonkeeper,2024,98,5.8,2322
tt25377462,A Guilty Conscience,2023,135,7.2,2408
tt28630624,Panda Plan,2024,99,5.1,2491
tt24516518,Vaalvi,2023,106,8.3,2516
tt14941698,Tad the Lost Explorer and the Emerald Tablet,2022,90,6.0,2539
tt19894774,The Braid,2023,121,7.2,2566
tt6881490,Sound of Hope: The Story of Possum Trot,2024,130,7.1,2603
tt15801594,Lighting up the Stars,2022,112,7.5,2702
tt17351056,The Last Kumite,2024,105,4.7,2743
tt13645322,F3: Fun and Frustration,2022,148,4.7,2750
tt37956153,Laalo: Krishna Sada Sahaayate,2025,135,8.1,2796
tt32214143,Gabby's Dollhouse: The Movie,2025,98,5.4,2838
tt25434854,Deep Sea,2023,112,6.8,2849
tt21478426,Life After Fighting,2024,126,6.4,2877
tt27587485,Waves,2024,131,7.7,2891
tt5181260,The Unbreakable Boy,2025,109,6.2,2909
tt8277246,His Only Son,2023,106,5.9,2969
tt31898445,Escape,2024,94,6.4,2986
tt30476518,Big World,2024,131,7.6,3003
tt16374352,The Blind,2023,108,6.3,3032
tt11013610,KKN di Desa Penari,2022,130,5.9,3098
tt32649961,Blades of the Guardians,2026,126,6.9,3102
tt31727267,Sarah's Oil,2025,103,6.9,3171
tt11952606,Easter Sunday,2022,96,5.3,3241
tt39018643,Billie Eilish: Hit Me Hard and Soft,2026,114,7.6,3278
tt21352380,A Difficult Year,2023,120,6.0,3325
tt29031019,Love Reset,2023,119,6.7,3443
tt36598036,Dead to Rights,2025,137,7.7,3553
tt23173980,Darkness of Man,2024,109,4.7,3599
tt17507018,Lost in the Stars,2022,121,6.6,3627
tt12532368,Chickenhare and the Hamster of Darkness,2022,91,6.3,3644
tt23049206,Just the Two of Us,2023,105,6.5,3648
tt21825416,Truth & Treason,2025,121,7.1,3651
tt6133444,The Fire Inside,2024,109,6.7,3662
tt28696532,A Dog's Will 2,2024,104,6.1,3725
tt27004148,Grave Torture,2024,117,6.1,3775
tt13484872,Stealing Raden Saleh,2022,154,7.3,3786
tt32606470,Humint,2026,119,6.4,3787
tt30908405,The Last Rodeo,2025,116,6.3,3789
tt10545696,Maigret,2022,89,5.9,3827
tt2467700,Animal Farm,2025,95,2.9,3858
tt29354040,Renaissance: A Film by Beyoncé,2023,169,8.5,3862
tt28856462,Agak Laen,2024,119,7.6,3872
tt13848804,Journey to Bethlehem,2023,99,6.5,3945
tt13531468,Rise,2022,117,7.0,3994
tt16731908,A Brighter Tomorrow,2023,95,6.7,4126
tt36352591,"You, Me & Tuscany",2026,105,6.0,4145
tt14534796,Mascarade,2022,134,6.4,4294
tt25808194,Project Silence,2023,101,5.4,4402
tt28763074,Dancing Village: The Curse Begins,2024,122,5.6,4435
tt28151876,Yolo,2024,129,6.9,4437
tt33057137,Prisoner of War,2025,112,5.7,4526
tt26237514,Bonhoeffer: Pastor. Spy. Assassin.,2024,133,6.2,4764
tt30024043,The Prosecutor,2024,117,6.5,4815
tt19841734,The Innocent,2022,99,6.6,4843
tt27907811,Thandel,2025,152,6.4,4867
tt10737918,Shin Ultraman,2022,112,6.3,4998
tt34996428,Homo Argentum,2025,98,5.8,5116
tt19838566,Kraken,2026,100,5.1,5287
tt35524793,The Moment,2026,103,6.1,5288
tt39316472,Jackass: Best and Last,2026,92,6.7,5314
tt16915972,Satan's Slaves 2: Communion,2022,119,6.7,5323
tt39143902,Leviticus,2026,88,6.8,5455
tt17491040,The Pirates: The Last Royal Treasure,2022,126,6.1,5522
tt29137778,Homestead,2024,112,5.2,5528
tt15685876,Dhamaka,2022,144,6.1,5634
tt34621892,Madly,2025,98,6.9,5644
tt35231039,Kokuho,2025,175,7.5,5749
tt15464390,Mastaney,2023,150,7.5,5785
tt38350059,Buen Camino,2025,90,6.2,5795
tt11092020,Shadow Force,2025,104,4.7,5811
tt27419466,Moana,2026,115,5.7,5985
tt23875550,UI,2024,135,6.5,6025
tt23638614,Unsung Hero,2024,113,7.0,6106
tt26731216,The Forge,2024,124,6.8,6320
tt37333137,Main Vaapas Aaunga,2026,167,8.2,6353
tt26238710,Sketch,2024,93,6.6,6441
tt14188930,"Nna, Thaan Case Kodu",2022,138,7.9,6529
tt19406606,The Shift,2023,115,5.6,6556
tt6979756,Creation of the Gods I: Kingdom of Storms,2023,148,6.6,6638
tt15837338,PAW Patrol: The Mighty Movie,2023,88,5.9,6647
tt10473036,The Amazing Maurice,2022,93,6.2,6719
tt33245761,Vaazha II: Biopic of a Billion Bros,2026,160,8.0,6723
tt15678738,David,2025,109,6.8,6756
tt30795948,A Little Something Extra,2024,99,6.9,6833
tt30827810,I Love Boosters,2026,113,6.7,6884
tt30327451,The Marching Band,2024,102,7.4,6938
tt14536120,The Master and Margarita,2024,156,7.1,7059
tt6685538,Mavka: The Forest Song,2023,99,6.6,7328
tt28682323,The Strangers: Chapter 3,2026,91,4.2,7330
tt32104007,Young Washington,2026,121,7.5,7362
tt23865918,Peddi,2026,182,5.5,7472
tt20330434,The Crime Is Mine,2023,102,6.5,7493
tt18069420,Smurfs,2025,89,4.3,7582
tt4428398,Paws of Fury: The Legend of Hank,2022,98,5.8,7616
tt20168564,Alienoid,2022,142,6.3,7752
tt22742964,Marry My Dead Body,2022,130,7.0,7801
tt14570440,Radical,2023,125,7.8,7808
tt31064841,Piece by Piece,2024,93,6.9,7955
tt29606499,Veera Dheera Sooran: Part 2,2025,162,6.9,8084
tt11075264,Thallumaala,2022,148,7.0,8198
tt14542254,November,2022,106,6.7,8264
tt30476486,Haikyu!! The Dumpster Battle,2024,85,7.8,8311
tt22866358,The Book of Clarence,2023,129,5.7,8323
tt35019998,Parasakthi,2026,161,6.4,8329
tt10364034,"Miraculous: Ladybug & Cat Noir, the Movie",2023,105,6.1,8359
tt38693888,Youth,2026,140,7.0,8472
tt7967302,The King of Kings,2025,103,6.8,8511
tt2347285,The Best Christmas Pageant Ever,2024,99,6.8,8570
tt15380630,Kushi,2023,163,5.4,8828
tt27490099,Beating Hearts,2024,161,7.0,8863
tt11068094,White Bird,2023,121,7.4,8900
tt23572848,The SpongeBob Movie: Search for SquarePants,2025,88,5.7,9018
tt15352542,The Day the Earth Blew Up: A Looney Tunes Movie,2024,91,6.7,9125
tt10651230,The Peasants,2023,114,7.5,9370
tt26684398,Spy x Family Code: White,2023,110,7.3,9682
tt33714084,Reminders of Him,2026,114,6.3,10115
tt14351082,Cabrini,2024,142,7.3,10158
tt20768712,Book Club: The Next Chapter,2023,107,5.6,10167
tt23177868,Mummies,2023,88,5.9,10462
tt1609486,Harold and the Purple Crayon,2024,90,5.7,10664
tt30395619,Demon Slayer: Kimetsu No Yaiba - To the Hashira Training,2024,104,7.3,11011
tt28358950,Neru,2023,150,7.5,11289
tt22543326,Maaveeran,2023,163,7.4,11721
tt23790696,The Raja Saab,2026,190,3.1,11845
tt33763941,Passenger,2026,97,5.5,11888
tt15140278,Coup de Chance,2023,93,6.4,12060
tt16606592,The Animal Kingdom,2023,128,6.7,12154
tt32890033,Minions & Monsters,2026,90,6.5,12189
tt32306991,Solo Mio,2026,96,6.7,12366
tt31170389,Evil Dead Burn,2026,110,6.8,12392
tt15334488,After Everything,2023,93,4.8,12412
tt20316748,Twilight of the Warriors: Walled In,2024,126,6.9,12526
tt26927452,Hurry Up Tomorrow,2025,105,4.2,12673
tt12672620,The Three Musketeers: Milady,2023,115,6.4,12808
tt1723808,Reagan,2024,141,6.2,13235
tt23330554,Winnie-the-Pooh: Blood and Honey 2,2024,93,4.6,13417
tt32223398,Jaat,2025,158,6.0,13431
tt27540217,Good Bad Ugly,2025,139,5.3,13544
tt28671344,The Strangers: Chapter 2,2025,98,4.7,13590
tt26903104,Saripodhaa Sanivaaram,2024,166,7.1,13688
tt11240348,The Exorcism,2024,95,4.2,13759
tt11210390,Asterix & Obelix: The Middle Kingdom,2023,112,5.1,13767
tt26233598,Raayan,2024,145,6.5,13905
tt18079362,80 for Brady,2023,98,5.9,14080
tt10505918,L2: Empuraan,2025,179,6.1,14243
tt32547691,Pressure,2026,100,7.3,14257
tt33311069,The Furious,2025,113,7.5,14297
tt10954718,Dog Man,2025,89,6.3,14313
tt23804696,HIT: The 3rd Case,2025,154,6.9,14325
tt27155038,Ruby Gillman: Teenage Kraken,2023,91,5.7,14567
tt23790740,Srikanth,2024,134,7.4,14686
tt6722802,Marlowe,2022,109,5.4,14939
tt13655120,I.S.S.,2023,95,5.3,15285
tt33296751,Tuner,2025,107,7.2,15419
tt13070038,After Ever Happy,2022,95,4.8,15642
tt15838850,The Roundup,2022,106,7.0,15668
tt22036406,Kanguva,2024,152,4.5,15869
tt13539646,The Wandering Earth II,2023,173,6.7,16552
tt17277414,Jeanne du Barry,2023,117,6.7,16730
tt10098448,Jesus Revolution,2023,120,7.1,16747
tt9006564,2018,2023,150,8.3,16884
tt31945132,Retro,2025,168,6.4,17082
tt15980138,Kishkindha Kaandam,2024,133,8.0,17129
tt14121726,Jeepers Creepers: Reborn,2022,88,2.6,17507
tt28083456,Is This Thing On?,2025,121,6.7,17777
tt33034103,Am I Racist?,2024,100,6.6,17880
tt4960748,Till,2022,130,7.2,17952
tt31195136,Normal,2025,91,6.3,17979
tt32284154,Rekhachithram,2025,147,7.8,17986
tt10343028,Armageddon Time,2022,114,6.4,18087
tt2316548,Beautiful Disaster,2023,96,5.3,18105
tt27431598,Bramayugam,2024,139,7.7,18130
tt24577462,Afraid,2024,84,5.2,18215
tt14668630,"Lyle, Lyle, Crocodile",2022,106,6.1,18232
tt6528290,Knights of the Zodiac,2023,112,4.4,18465
tt21800162,There's Still Tomorrow,2023,118,7.7,18521
tt30788842,Love Hurts,2025,83,5.3,18677
tt9104736,Housefull 5,2025,163,3.3,18876
tt32080876,Dragon,2025,157,7.8,19045
tt31888477,Downton Abbey: The Grand Finale,2025,123,7.3,19130
tt10276482,Love Again,2023,104,5.9,19192
tt8373206,About My Father,2023,90,5.8,19378
tt27757805,Baby John,2024,159,5.0,19560
tt14415204,Never Let Go,2024,101,5.4,19841
tt22444570,Ponniyin Selvan: Part Two,2023,164,7.2,19939
tt16280138,Magic Mike's Last Dance,2023,112,5.2,20129
tt32221196,One of Them Days,2025,97,6.5,20236
tt14362112,Trolls Band Together,2023,91,6.0,20237
tt26658104,Imaginary,2024,104,4.8,20269
tt1200263,The Color Purple,2023,141,6.8,20629
tt32178949,The Seed of the Sacred Fig,2024,167,7.5,20677
tt11365186,Redeeming Love,2022,134,6.8,20733
tt30387012,Border 2,2026,200,5.8,21042
tt4996328,Ordinary Angels,2024,118,7.4,21049
tt23853982,Parthenope,2024,137,6.5,21229
tt19760052,The Taste of Things,2023,135,7.4,21261
tt32332404,Keeper,2025,99,5.5,21284
tt32321317,Pillion,2025,106,6.9,21345
tt0327785,The Killer's Game,2024,104,5.8,21509
tt10806040,Valimai,2022,178,6.0,21515
tt21815562,The Alto Knights,2025,123,5.9,21728
tt31314296,The Woman in the Yard,2025,88,5.0,21831
tt33372494,Lokah Chapter One: Chandra,2025,151,7.6,21836
tt10786774,Sam Bahadur,2023,150,7.7,21935
tt31193791,The Last Showgirl,2024,88,6.5,22093
tt22868010,Return to Silent Hill,2026,106,4.0,22529
tt31392609,How to Make Millions Before Grandma Dies,2024,125,7.9,22724
tt13650700,A Big Bold Beautiful Journey,2025,109,6.0,22884
tt28363783,Alpha,2026,141,3.1,23111
tt29540862,Bhooth Bangla,2026,173,5.0,23141
tt33088452,Regretting You,2025,116,6.0,23222
tt31390893,Raja Shivaji,2026,195,6.9,23280
tt11821912,Devara Part 1,2024,176,6.0,23723
tt18926098,VidaaMuyarchi,2025,154,6.2,23883
tt31969779,O' Romeo,2026,178,5.2,23903
tt28288786,Premalu,2024,156,7.8,23971
tt32159989,After the Hunt,2025,138,5.7,24154
tt27118357,Amaran,2024,167,8.1,24179
tt7466442,The Bob's Burgers Movie,2022,102,7.0,24420
tt27441481,Coolie,2025,168,6.0,24472
tt34956443,Ne Zha 2,2025,144,7.9,25056
tt35892608,Undertone,2025,94,5.9,25256
tt14564000,Guntur Kaaram,2024,159,5.4,25373
tt1798632,Firestarter,2022,94,4.6,25709
tt20990442,Him,2025,96,5.0,25771
tt29383379,Marco,2024,145,6.5,25912
tt26445483,Fukrey 3,2023,147,5.5,25997
tt28814949,Taylor Swift: The Eras Tour,2023,169,8.0,26031
tt15006566,The Beasts,2022,137,7.5,26048
tt35064672,Cocktail 2,2026,150,7.6,26206
tt27487934,The Greatest of All Time,2024,183,5.7,26337
tt35222590,Exit 8,2025,95,6.5,26643
tt25433734,Hi Nanna,2023,155,8.3,26782
tt12672536,The Three Musketeers - Part I: D'Artagnan,2023,121,6.7,27173
tt23060698,Clown in a Cornfield,2025,96,5.6,27183
tt12193804,Whitney Houston: I Wanna Dance with Somebody,2022,144,6.6,27238
tt11703244,The Blackening,2022,97,6.0,27429
tt14402146,Empire of Light,2022,115,6.7,27466
tt27613895,GOAT,2026,100,6.7,27482
tt24517830,Bad Newz,2024,142,4.7,27657
tt27681354,In the Grey,2026,98,6.3,27727
tt31923069,Springsteen: Deliver Me from Nowhere,2025,119,6.6,27960
tt29439114,The Room Next Door,2024,107,6.8,28263
tt30645201,Honey Don't!,2025,89,5.3,28319
tt5779228,The Garfield Movie,2024,101,5.7,28502
tt27056012,Khel Khel Mein,2024,135,6.5,28546
tt18272208,Here,2024,104,6.3,28596
tt30970235,Article 370,2024,158,7.8,28626
tt6906292,Retribution,2023,91,5.4,28788
tt30343021,Song Sung Blue,2025,132,7.3,28848
tt19356262,Drive-Away Dolls,2024,84,5.4,28936
tt27995594,Munjya,2024,123,6.3,28941
tt14060094,Blacklight,2022,104,4.9,29001
tt14209618,Game Changer,2025,165,5.1,29059
tt14099334,Bhediya,2022,156,6.7,29219
tt23778968,Thelma,2024,98,6.9,29360
tt27564844,Iron Lung,2026,125,5.8,29520
tt15744298,Freelance,2023,108,5.6,29704
tt27852049,Deva,2025,156,6.6,30135
tt30017619,The Bad Guys 2,2025,104,7.0,30195
tt22050754,The Strangers: Chapter 1,2024,91,4.7,30327
tt1856080,The Boys in the Boat,2023,123,7.0,30488
tt24176060,Queer,2024,137,6.3,30569
tt15163652,Thunivu,2023,146,6.1,30798
tt15268244,Joy Ride,2023,95,6.4,31265
tt10767052,Next Goal Wins,2023,104,6.5,31586
tt21261712,Back to Black,2024,122,6.3,31614
tt33028778,Primate,2025,92,5.8,31912
tt32093575,Scary Movie,2026,96,5.2,32290
tt9682428,Night Swim,2024,98,4.7,32577
tt21188080,Lisa Frankenstein,2024,101,6.1,32796
tt7693316,Devotion,2022,139,6.6,32957
tt3447590,Matilda: The Musical,2022,117,7.0,33532
tt30851137,The Bride!,2026,126,5.6,34591
tt4357198,How to Make a Killing,2026,105,6.5,34617
tt32063050,Bridget Jones: Mad About the Boy,2025,124,6.5,34875
tt35521922,Good Boy,2025,72,6.1,35069
tt32298285,Sirat,2025,114,7.0,35096
tt12349832,Cuckoo,2024,102,5.6,35384
tt5822536,Paddington in Peru,2024,106,6.6,35947
tt6455162,Bhool Bhulaiyaa 2,2022,143,5.7,36364
tt14439896,Father Stu,2022,124,6.5,36470
tt15301048,"Argentina, 1985",2022,140,7.6,36551
tt31844586,Sisu: Road to Revenge,2025,89,6.8,36764
tt21027780,Fallen Leaves,2023,81,7.2,36921
tt32299316,Dangerous Animals,2025,98,6.4,37088
tt36491653,It Was Just an Accident,2025,103,7.4,37157
tt19623240,Winnie-the-Pooh: Blood and Honey,2023,84,2.9,37461
tt15153532,Strays,2023,93,6.3,38137
tt14403504,Last Breath,2025,93,6.6,38279
tt32357218,Shelter,2026,107,6.1,38331
tt10701074,Ponniyin Selvan: Part I,2022,167,7.5,38649
tt9185206,"Are You There God? It's Me, Margaret.",2023,106,7.3,38774
tt32558992,Heart Eyes,2025,97,6.0,38874
tt27196021,Small Things Like These,2024,98,6.7,38881
tt11703710,Downton Abbey: A New Era,2022,124,7.4,39025
tt27657135,Saturday Night,2024,109,6.8,39585
tt8521778,Bob Marley: One Love,2024,107,6.2,39656
tt9731598,Bros,2022,115,6.3,39735
tt10720352,Arthur the King,2024,107,7.0,39849
tt14537248,Nefarious,2023,97,6.4,39857
tt9051908,Living,2022,102,7.2,40066
tt31956415,Freakier Friday,2025,110,6.2,40090
tt14088510,Tarot,2024,92,4.8,40194
tt12873562,The Invitation,2022,105,5.3,40805
tt18072316,Bade Miyan Chote Miyan,2024,163,3.7,40823
tt31434030,Dracula,2025,129,6.2,40940
tt14824600,The Lord of the Rings: The War of the Rohirrim,2024,134,6.3,40998
tt30505698,Friendship,2024,100,6.6,41119
tt26936666,Vettaiyan,2024,163,6.8,41292
tt11762114,Mean Girls,2024,112,5.5,41621
tt31728330,They Will Kill You,2026,94,6.3,42011
tt1340094,The Crow,2024,111,4.7,42115
tt14850054,Greenland 2: Migration,2026,98,5.2,42356
tt11827628,Memory,2022,114,5.8,42416
tt10128846,Megalopolis,2024,138,4.7,42549
tt26745657,Madgaon Express,2024,143,7.0,42844
tt30274401,Five Nights at Freddy's 2,2025,104,5.1,42899
tt8356942,The 355,2022,122,5.6,43879
tt28249919,Presence,2024,84,6.1,44252
tt4216984,Wolf Man,2025,103,5.6,44307
tt27922706,Chhaava,2025,161,7.3,44868
tt8008948,Den of Thieves: Pantera,2025,144,6.3,44999
tt0427340,Masters of the Universe,2026,140,6.8,45138
tt20234774,Wicked Little Letters,2023,100,7.0,45379
tt10078772,Flight Risk,2025,91,5.2,45388
tt17505010,Horizon: An American Saga - Chapter 1,2024,181,6.6,45694
tt35672862,Hokum,2026,107,6.7,46026
tt14260836,Better Man,2024,135,7.5,46595
tt29344903,The Ugly Stepsister,2025,109,7.0,46710
tt15574270,I Saw the TV Glow,2024,100,5.8,46799
tt4900148,Elio,2025,98,6.6,46852
tt9100018,Cobweb,2023,88,5.9,46955
tt5761544,Kandahar,2023,119,6.1,47126
tt28259207,Kill,2023,105,7.4,47190
tt29355505,Toy Story 5,2026,102,7.5,47514
tt8080204,Hypnotic,2023,93,5.5,47531
tt15732324,OMG 2,2023,156,7.5,47729
tt18559464,My Old Ass,2024,89,6.9,47815
tt6495056,Migration,2023,83,6.6,47841
tt34365591,Mahavatar Narsimha,2024,130,8.5,48083
tt9848626,Hotel Transylvania 4: Transformania,2022,87,6.0,48250
tt10223460,Marry Me,2022,112,6.1,48475
tt13223398,Beast,2022,93,5.6,48874
tt1674782,Karate Kid: Legends,2025,94,6.3,49114
tt26446278,The Count of Monte Cristo,2024,178,7.6,49285
tt27543578,Good Fortune,2025,97,6.5,49384
tt8814476,Supergirl,2026,108,6.1,49649
tt4045450,I Know What You Did Last Summer,2025,111,5.1,49719
tt11198810,She Said,2022,129,7.3,49836
tt5525650,The Goat Life,2024,173,7.1,50421
tt1695843,Haunted Mansion,2023,123,6.0,50462
tt11304740,Wish,2023,95,5.5,50877
tt12921446,The Exorcist: Believer,2023,111,4.8,50905
tt10298840,Strange World,2022,102,5.7,50969
tt33046197,The Wrecking Crew,2026,124,6.4,51429
tt15501640,Drishyam 2,2022,140,8.2,52548
tt11252248,Dog,2022,101,6.5,52662
tt31514146,I Swear,2025,120,8.4,52991
tt31712434,Sikandar,2025,148,3.6,53846
tt32612507,Lee Cronin's The Mummy,2026,134,6.2,54084
tt3427252,The Boogeyman,2023,98,5.9,54137
tt13818368,Fighter,2024,166,6.1,54324
tt26342662,M3GAN 2.0,2025,120,6.0,54349
tt11851548,Orphan: First Kill,2022,99,5.9,54482
tt28443655,Death of a Unicorn,2025,107,5.8,54626
tt11466222,Jackass Forever,2022,96,6.8,55640
tt22041854,Priscilla,2023,113,6.4,55741
tt27744786,Shaitaan,2024,132,6.5,56515
tt3291150,The Expendables 4,2023,103,4.8,56568
tt18411490,Tiger 3,2023,155,5.6,56736
tt33978029,Ready or Not 2: Here I Come,2026,108,6.5,57049
tt32149847,Drop,2025,95,6.1,57749
tt26439764,Kantara: A Legend - Chapter 1,2025,165,8.1,57798
tt17527468,Bottoms,2023,91,6.7,58715
tt4978420,Borderlands,2024,101,4.7,59047
tt27847051,The Secret Agent,2025,161,7.2,59089
tt31973693,The Roses,2025,105,6.6,59392
tt28037987,Saiyaara,2025,150,6.3,59518
tt1896747,Fly Me to the Moon,2024,132,6.6,59534
tt19864802,Land of Bad,2024,113,6.6,59673
tt17490712,Mortal Kombat II,2026,116,6.4,60891
tt27047903,Scream 7,2026,114,5.5,61071
tt5500218,Samaritan,2022,102,5.7,61775
tt23137390,Immaculate,2024,89,5.8,61805
tt30472557,Chainsaw Man - The Movie: Reze Arc,2025,100,8.3,62221
tt1341338,"Good Luck, Have Fun, Don't Die",2025,134,7.0,62306
tt31176520,Eddington,2025,148,6.6,62471
tt24950660,Eternity,2025,114,6.9,63292
tt13957560,Dumb Money,2023,105,6.8,63550
tt28650488,The Super Mario Galaxy Movie,2026,98,6.3,63927
tt27911000,Terrifier 3,2024,125,6.2,63941
tt16428256,Suzume,2022,122,7.6,64403
tt13405778,Insidious: The Red Door,2023,107,5.5,64538
tt19637052,Love Lies Bleeding,2024,104,6.6,64806
tt29644189,Black Phone 2,2025,114,6.0,66337
tt39139925,Dhurandhar: The Revenge,2026,235,8.2,66649
tt8864596,Transformers One,2024,104,7.6,67196
tt10083340,Gangubai Kathiawadi,2022,152,7.8,67551
tt16539454,Pushpa: The Rule - Part 2,2024,201,6.0,67604
tt11152168,IF,2024,104,6.4,67881
tt32565993,The Sheep Detectives,2026,109,7.4,68058
tt33244668,Anaconda,2025,99,5.5,68298
tt3758542,Ferrari,2023,130,6.4,68400
tt1527793,No Other Choice,2025,139,7.5,68955
tt35291758,Melania,2026,104,1.6,69149
tt30955489,Until Dawn,2025,103,5.7,69273
tt19847976,Wicked: For Good,2025,137,6.6,70253
tt1001520,The Last Voyage of the Demeter,2023,118,6.1,70778
tt30840798,The Phoenician Scheme,2025,101,6.6,71145
tt30825738,Star Wars: The Mandalorian and Grogu,2026,132,6.9,71250
tt26736843,The Watchers,2024,102,5.7,71706
tt5672290,The First Omen,2024,119,6.5,72025
tt33612209,The Devil Wears Prada 2,2026,119,6.5,72111
tt10855768,Missing,2023,111,7.1,72402
tt4712810,Now You See Me: Now You Don't,2025,113,5.9,72763
tt22408160,Kinds of Kindness,2024,164,6.4,73000
tt9198364,Three Thousand Years of Longing,2022,108,6.7,73150
tt26443616,Hoppers,2026,104,7.2,73343
tt27131358,We Live in Time,2024,108,7.0,73536
tt13640696,See How They Run,2022,98,6.5,74219
tt15654328,Leo,2023,164,7.2,74367
tt10365998,Infinity Pool,2023,117,6.0,74403
tt8368368,The Apprentice,2024,122,7.1,74444
tt31050594,Mercy,2026,99,6.2,74540
tt10168670,Bones and All,2022,131,6.8,74598
tt12908150,The Life of Chuck,2024,111,7.3,75108
tt11214558,The Smashing Machine,2025,123,6.3,75305
tt32820897,Demon Slayer: Kimetsu No Yaiba Infinity Castle,2025,155,8.4,75343
tt11976134,Singham Again,2024,144,4.3,76348
tt12735488,Kalki 2898 AD,2024,180,7.0,76840
tt8589698,Teenage Mutant Ninja Turtles: Mutant Mayhem,2023,99,7.2,78576
tt21454134,The Bikeriders,2023,116,6.6,78611
tt26932223,Bhool Bhulaiyaa 3,2024,158,4.6,79163
tt13927994,Salaar,2023,175,6.7,79231
tt9150192,A Working Man,2025,116,5.7,79287
tt13521006,Beau Is Afraid,2023,179,6.6,79426
tt13841850,Men,2022,100,6.0,79958
tt21192142,All of Us Strangers,2023,105,7.6,80061
tt8912936,DC League of Super-Pets,2022,105,6.8,80385
tt8115900,The Bad Guys,2022,100,6.9,81393
tt1448754,Thanksgiving,2023,106,6.2,81466
tt4627382,Roofman,2025,126,6.9,81480
tt15047880,Disclosure Day,2026,145,6.7,81570
tt14109724,Ticket to Paradise,2022,104,6.1,81956
tt7510222,Despicable Me 4,2024,94,6.2,82147
tt18259086,Sonic the Hedgehog 3,2024,110,6.9,82614
tt30057084,Babygirl,2024,114,5.7,82615
tt10160976,The Nun II,2023,110,5.6,82698
tt6604188,Tron: Ares,2025,119,6.1,83164
tt10403420,Terrifier 2,2022,138,6.0,83400
tt10665342,Halloween Ends,2022,111,5.0,83424
tt13186482,Mufasa: The Lion King,2024,118,6.6,83485
tt8093700,The Woman King,2022,135,6.9,83537
tt21692408,Kung Fu Panda 4,2024,94,6.3,83840
tt8790086,Kraven the Hunter,2024,127,5.5,83966
tt27714581,Sentimental Value,2025,135,7.7,84109
tt32897959,Wuthering Heights,2026,136,6.1,84211
tt31184028,Together,2025,102,6.7,84580
tt20850406,Sita Ramam,2022,163,8.5,84611
tt33071426,The Drama,2026,105,7.2,85152
tt13669038,Women Talking,2022,104,6.9,85356
tt15428134,Dunki,2023,160,6.5,86128
tt32430579,Crime 101,2026,140,6.8,86303
tt1493274,Caught Stealing,2025,107,6.8,86665
tt22048412,MaXXXine,2024,103,6.2,88998
tt9179430,Vikram,2022,175,8.3,90187
tt29603959,Novocaine,2025,110,6.5,90977
tt8110652,Bodies Bodies Bodies,2022,94,6.1,91041
tt21942866,Dream Scenario,2023,102,6.8,95442
tt27714946,The Monkey,2025,98,5.9,95499
tt30988739,Black Bag,2025,93,6.7,95887
tt11655566,Lilo & Stitch,2025,108,6.7,96641
tt28996126,Nobody 2,2025,89,6.3,98667
tt21807222,Saw X,2023,118,6.6,98963
tt0899043,The Amateur,2025,122,6.5,99358
tt9214772,Monkey Man,2024,121,6.8,100543
tt15009428,Argylle,2024,139,5.6,101267
tt30253473,Materialists,2025,116,6.2,102672
tt13375076,The Pope's Exorcist,2023,103,6.1,102952
tt9224104,Meg 2: The Trench,2023,116,5.0,103467
tt10655524,It Ends with Us,2024,130,6.3,103561
tt5884796,Plane,2023,107,6.5,104561
tt22898462,The Conjuring: Last Rites,2025,135,6.2,105170
tt29567915,Nuremberg,2025,148,7.3,106527
tt21235248,Ghostbusters: Frozen Empire,2024,115,6.1,106843
tt5113044,Minions: The Rise of Gru,2022,87,6.5,107354
tt12261776,65,2023,93,5.4,107507
tt10304142,Amsterdam,2022,134,6.2,107980
tt27503384,Perfect Days,2023,124,7.9,108193
tt11145118,Creed III,2023,116,6.7,109003
tt14444726,Tár,2022,158,7.4,110171
tt26657236,Backrooms,2026,110,7.0,110662
tt15354916,Jawan,2023,169,6.9,111982
tt7985704,Operation Fortune: Ruse de Guerre,2023,114,6.3,112008
tt5834426,Moonfall,2022,130,5.2,113813
tt4998632,Ambulance,2022,136,6.1,113858
tt31434639,Warfare,2025,95,7.1,113955
tt4919268,Bad Boys: Ride or Die,2024,115,6.5,115004
tt32141377,28 Years Later: The Bone Temple,2026,109,7.2,115112
tt14107334,The Running Man,2025,133,6.4,115257
tt11057302,Madame Web,2024,116,4.1,116347
tt13751694,Animal,2023,204,6.2,116974
tt15327088,Kantara,2022,148,8.1,117383
tt12412888,Sonic the Hedgehog 2,2022,122,6.5,117880
tt9362930,Blue Beetle,2023,127,5.9,117917
tt9663764,Aquaman and the Lost Kingdom,2023,124,5.6,119658
tt11563598,A Complete Unknown,2024,141,7.3,119955
tt21064584,The Iron Claw,2023,132,7.5,120417
tt11358390,Renfield,2023,93,6.4,120635
tt12003946,Violent Night,2022,112,6.7,121776
tt27489557,Abigail,2024,109,6.5,121984
tt14905854,Hamnet,2025,125,7.8,123924
tt14846026,Sisu,2022,91,6.9,124001
tt14209916,Cocaine Bear,2023,95,5.9,127472
tt13622970,Moana 2,2024,100,6.3,127742
tt27403986,Juror #2,2024,114,7.0,128224
tt10374610,The Long Walk,2025,108,6.7,129616
tt3402138,The Naked Gun,2025,85,6.3,131394
tt14858658,Blink Twice,2024,102,6.5,131882
tt5090568,Transformers: Rise of the Beasts,2023,127,6.0,132336
tt20215968,Hit Man,2023,115,6.8,132457
tt7068946,The Accountant 2,2025,132,6.6,132663
tt32246771,Bring Her Back,2025,104,7.1,134316
tt20221436,Emilia Pérez,2024,132,5.3,134609
tt8036976,Send Help,2026,113,6.7,135110
tt14208870,The Fabelmans,2022,151,7.5,136003
tt14539740,Godzilla X Kong: The New Empire,2024,115,6.0,136957
tt4495098,Gran Turismo,2023,134,7.1,136988
tt10298810,Lightyear,2022,105,6.1,137434
tt26743210,How to Train Your Dragon,2025,125,7.7,137651
tt12915716,Adipurush,2023,179,2.6,137673
tt7599146,Sound of Freedom,2023,131,7.6,138325
tt14205554,KPop Demon Hunters,2025,95,7.4,138629
tt27534307,Speak No Evil,2024,110,6.8,140735
tt15325794,Fall,2022,107,6.4,140941
tt4589218,Five Nights at Freddy's,2023,109,5.4,140995
tt15679400,Knock at the Cabin,2023,100,6.1,142305
tt22687790,A Haunting in Venice,2023,103,6.5,142330
tt26443597,Zootopia 2,2025,108,7.3,144709
tt14230388,Asteroid City,2023,105,6.4,145805
tt10151854,Shazam! Fury of the Gods,2023,130,5.9,146499
tt33014583,Dhurandhar,2025,214,8.3,146641
tt29268110,Smile 2,2024,127,6.7,147452
tt5433140,Fast X,2023,141,5.7,147659
tt6587046,The Boy and the Heron,2023,124,7.3,149194
tt14966898,Late Night with the Devil,2023,93,7.0,149501
tt11378946,Michael,2026,127,7.4,149983
tt4772188,Flow,2024,85,7.8,150782
tt17663992,Scream VI,2023,122,6.4,153862
tt23561236,American Fiction,2023,117,7.5,155885
tt7181546,Ballerina,2025,124,6.8,157847
tt16366836,Venom: The Last Dance,2024,110,6.0,158918
tt9411972,Where the Crawdads Sing,2022,125,7.2,159667
tt31227572,Predator: Badlands,2025,107,7.2,159832
tt8999762,The Brutalist,2024,216,7.2,160299
tt14948432,Red One,2024,123,6.2,160396
tt18925334,Pearl,2022,103,7.0,161279
tt5177120,The Ministry of Ungentlemanly Warfare,2024,122,6.8,162912
tt17024450,The Equalizer 3,2023,109,6.8,163373
tt3566834,A Minecraft Movie,2025,101,5.6,163758
tt21823606,A Real Pain,2024,90,7.0,164002
tt10676048,The Marvels,2023,105,5.4,165994
tt12844910,Pathaan,2023,146,5.8,166716
tt15789038,Elemental,2023,101,7.0,166724
tt9619824,Final Destination: Bloodlines,2025,110,6.7,166773
tt26753003,Trap,2024,105,5.8,168711
tt14961016,I'm Still Here,2024,137,8.1,170045
tt11389872,Kingdom of the Planet of the Apes,2024,145,6.8,170286
tt10698680,K.G.F: Chapter 2,2022,166,8.2,170681
tt13345606,Evil Dead Rise,2023,96,6.5,171671
tt5108870,Morbius,2022,104,5.1,172767
tt27543632,The Housemaid,2025,131,6.7,172974
tt13238346,Past Lives,2023,105,7.8,175266
tt8097030,Turning Red,2022,100,6.9,175323
tt26047818,Anyone But You,2023,103,6.1,176253
tt2049403,Beetlejuice Beetlejuice,2024,105,6.6,176743
tt13320622,The Lost City,2022,112,6.1,177941
tt10731256,Don't Worry Darling,2022,123,6.3,178122
tt5971474,The Little Mermaid,2023,135,7.2,179303
tt13433802,A Quiet Place: Day One,2024,99,6.2,179311
tt11291274,The Unbearable Weight of Massive Talent,2022,107,7.0,180241
tt16426418,Challengers,2024,131,7.0,181125
tt10028196,Laal Singh Chaddha,2022,159,5.6,181406
tt26584495,Companion,2025,97,6.9,182552
tt15314262,The Beekeeper,2024,105,6.3,182579
tt8760708,M3GAN,2022,102,6.3,183182
tt14513804,Captain America: Brave New World,2025,118,5.6,185277
tt11315808,Joker: Folie à Deux,2024,138,5.2,185455
tt10545296,The Hunger Games: The Ballad of Songbirds & Snakes,2023,157,6.6,186079
tt13287846,Napoleon,2023,158,6.3,188081
tt1757678,Avatar: Fire and Ash,2025,197,7.2,189296
tt11245972,Scream,2022,114,6.3,189434
tt7160372,The Zone of Interest,2023,105,7.3,190428
tt4123432,Fantastic Beasts: The Secrets of Dumbledore,2022,142,6.2,193833
tt6166392,Wonka,2023,116,6.9,195141
tt16419074,Air,2023,111,7.4,196522
tt12584954,Twisters,2024,122,6.5,197774
tt32916440,Marty Supreme,2025,149,7.6,198311
tt11858890,The Creator,2023,133,6.7,200169
tt31036941,Jurassic World: Rebirth,2025,133,5.8,201003
tt10640346,Babylon,2022,189,7.1,208064
tt12300742,Bugonia,2025,118,7.4,208115
tt7657566,Death on the Nile,2022,127,6.3,211221
tt4873118,The Covenant,2023,123,7.5,212658
tt7405458,A Man Called Otto,2022,126,7.5,213204
tt37287335,Obsession,2025,108,8.0,216299
tt7322224,Triangle of Sadness,2022,147,7.2,218200
tt15671028,No Hard Feelings,2023,103,6.3,218858
tt10638522,Talk to Me,2022,95,7.1,219961
tt10548174,28 Years Later,2025,115,6.6,220887
tt8178634,RRR,2022,187,7.8,225493
tt13560574,X,2022,105,6.5,225711
tt3915174,Puss in Boots: The Last Wish,2022,102,7.9,227774
tt23289160,Godzilla Minus One,2023,124,7.6,227829
tt23468450,Longlegs,2024,101,6.5,228523
tt29623480,The Wild Robot,2024,102,8.2,230276
tt28015403,Heretic,2024,111,7.0,231604
tt17009710,Anatomy of a Fall,2023,151,7.6,234464
tt1462764,Indiana Jones and the Dial of Destiny,2023,154,6.5,234716
tt9603208,Mission: Impossible - The Final Reckoning,2025,169,7.1,235477
tt15474916,Smile,2022,115,6.5,244168
tt8041270,Jurassic World: Dominion,2022,147,5.6,248319
tt0439572,The Flash,2023,144,6.6,249459
tt1262426,Wicked,2024,160,7.3,253708
tt12299608,Mickey 17,2025,137,6.7,253732
tt22022452,Inside Out 2,2024,96,7.5,255170
tt3704428,Elvis,2022,159,7.3,263039
tt15791034,Barbarian,2022,102,7.0,264858
tt17351924,Saltburn,2023,130,7.0,268550
tt1684562,The Fall Guy,2024,126,6.8,268690
tt5040012,Nosferatu,2024,132,7.1,270348
tt14849194,The Holdovers,2023,133,7.9,271098
tt17279496,Civil War,2024,109,7.0,271126
tt10676052,The Fantastic Four: First Steps,2025,115,6.8,272224
tt10954600,Ant-Man and the Wasp: Quantumania,2023,124,6.0,272513
tt2906216,Dungeons & Dragons: Honor Among Thieves,2023,134,7.2,275533
tt20215234,Conclave,2024,120,7.4,283755
tt20969586,Thunderbolts*,2025,127,7.1,286866
tt18412256,Alien: Romulus,2024,119,7.1,290914
tt11813216,The Banshees of Inisherin,2022,114,7.6,297605
tt6718170,The Super Mario Bros. Movie,2023,92,7.0,298671
tt28607951,Anora,2024,139,7.4,298745
tt11138512,The Northman,2022,137,7.0,302465
tt1464335,Uncharted,2022,116,6.3,302737
tt9218128,Gladiator II,2024,148,6.4,304970
tt6443346,Black Adam,2022,125,6.1,305687
tt13833688,The Whale,2022,117,7.6,306849
tt5537002,Killers of the Flower Moon,2023,206,7.5,309832
tt10954984,Nope,2022,130,6.8,319549
tt12037194,Furiosa: A Mad Max Saga,2024,148,7.4,323352
tt9603212,Mission: Impossible - Dead Reckoning Part One,2023,163,7.6,329735
tt16311594,F1: The Movie,2025,155,7.6,374670
tt26581740,Weapons,2025,128,7.4,378828
tt9114286,Black Panther: Wakanda Forever,2022,161,6.6,393870
tt6208148,Snow White,2025,109,2.2,396985
tt10366206,John Wick: Chapter 4,2023,169,7.6,414903
tt14230458,Poor Things,2023,141,7.7,418010
tt12042730,Project Hail Mary,2026,156,8.2,423357
tt30144839,One Battle After Another,2025,161,7.6,425375
tt5950044,Superman,2025,129,7.0,428857
tt17526714,The Substance,2024,141,7.2,450782
tt10648342,Thor: Love and Thunder,2022,118,6.1,464975
tt6791350,Guardians of the Galaxy Vol. 3,2023,150,7.9,476333
tt31193180,Sinners,2025,137,7.5,501388
tt9764362,The Menu,2022,107,7.1,506422
tt11564570,Glass Onion,2022,139,7.1,528138
tt9362722,Spider-Man: Across the Spider-Verse,2023,140,8.5,534488
tt12593682,Bullet Train,2022,127,7.3,541006
tt9419884,Doctor Strange in the Multiverse of Madness,2022,126,6.8,549394
tt6263850,Deadpool & Wolverine,2024,128,7.5,576892
tt1630029,Avatar: The Way of Water,2022,192,7.5,639593
tt6710474,Everything Everywhere All at Once,2022,139,7.7,655258
tt1517268,Barbie,2023,114,6.8,696843
tt15239678,Dune: Part Two,2024,166,8.4,773003
tt1745960,Top Gun: Maverick,2022,130,8.2,891123
tt1877830,The Batman,2022,176,7.8,935853
tt15398776,Oppenheimer,2023,180,8.2,1062339
