tconst,budget,boxoffice,profit
tt10365998,4500000,5078400,578400
tt23049206,6300000,5099005,-1200995
tt20215968,8800000,5101673,-3698327
tt35524793,4000000,5168044,1168044
tt19841734,4000000,5175806,1175806
tt29344903,4250000,5325096,1075096
tt2467700,35000000,5354047,-29645953
tt14537248,3000000,5400000,2400000
tt15574270,10000000,5407916,-4592084
tt11092020,40000000,5416976,-34583024
tt24176060,53400000,5450715,-47949285
tt23875550,11760000,5520000,-6240000
tt28259207,4800000,5600000,800000
tt18559464,3000000,5705895,2705895
tt35019998,24000000,5900000,-18100000
tt0327785,30000000,5928351,-24071649
tt10545696,7000000,5934907,-1065093
tt19760052,6500000,5970753,-529247
tt26745657,3152172,6024851,2872679
tt21825416,15000000,6045655,-8954345
tt31195136,10000000,6068324,-3931676
tt27502365,9600000,6129032,-3470968
tt14099796,45000000,6136329,-38863671
tt14121726,5000000,6175213,1175213
tt22866358,40000000,6205230,-33794770
tt7093904,25600000,6206231,-19393769
tt32332404,6000000,6223404,223404
tt6722802,20000000,6262663,-13737337
tt25808194,14750000,6283415,-8466585
tt14188930,600000,6300000,5700000
tt11448138,705,6338496,6337791
tt31193791,2000000,6380079,4380079
tt15380630,6300000,6400000,100000
tt16150082,4000000,6440453,2440453
tt17351056,1303000,6500000,5197000
tt32178949,3000000,6501810,3501810
tt10343028,15000000,6524886,-8475114
tt16731908,13266839,6551542,-6715297
tt13655120,13800000,6605079,-7194921
tt32321317,1000000,6644994,5644994
tt14534796,14000000,6667598,-7332402
tt28363783,10500000,6675000,-3825000
tt27056012,11760000,6680000,-5080000
tt12349832,7000000,6680396,-319604
tt27852049,5882000,6705000,823000
tt32284154,1058000,6741000,5683000
tt17494686,8500000,6843970,-1656030
tt2316548,25000000,6850036,-18149964
tt27757805,21176000,6941000,-14235000
tt9051908,10000000,6999027,-3000973
tt6528290,60000000,7000000,-53000000
tt31969779,18000000,7000000,-11000000
tt21352380,13000000,7004555,-5995445
tt19864802,18000000,7021101,-10978899
tt9044418,6700000,7100000,400000
tt29606499,6441957,7261843,819886
tt13361648,13125000,7295051,-5829949
tt30645201,20000000,7445237,-12554763
tt28078628,3000000,7448606,4448606
tt5181260,6000000,7511126,1511126
tt38693888,752800,7528000,6775200
tt23790740,4200000,7550000,3350000
tt23330554,415000,7582541,7167541
tt13669038,20000000,7589419,-12410581
tt29344974,9700000,7633135,-2066865
tt33412884,15000000,7700000,-7300000
tt19623240,100000,7717044,7617044
tt26927452,15000000,7763862,-7236138
tt13848804,6000000,7778330,1778330
tt15140278,12000000,7837847,-4162153
tt19356262,8000000,7935363,-64637
tt6133444,12000000,8104331,-3895669
tt39143902,3500000,8213695,4713695
tt27587485,3500000,8405432,4905432
tt24517830,9600000,8500000,-1100000
tt28763074,1200000,8702153,7502153
tt11068094,20000000,8799528,-11200472
tt11075264,2450634,8824658,6374024
tt35521922,70000,8844724,8774724
tt29544253,12000000,8860435,-3139565
tt15980138,830000,8920490,8090490
tt28288786,380000,9000000,8620000
tt15744298,40000000,9112817,-30887183
tt16606592,15200000,9138503,-6061497
tt25433734,7819000,9184966,1365966
tt28682323,8500000,9191988,691988
tt30827810,20000000,9204473,-10795527
tt32299316,2000000,9207791,7207791
tt19894774,8500000,9235757,735757
tt37333137,7300000,9300000,2000000
tt5761544,30000000,9400000,-20600000
tt32159989,70000000,9426825,-60573175
tt11365186,30000000,9464198,-20535802
tt11851548,10000000,9572765,-427235
tt27744786,7800000,9600000,1800000
tt36491653,6000000,9602793,3602793
tt1341338,20000000,9755038,-10244962
tt31844586,12200000,9811703,-2388297
tt18925334,1000000,9847490,8847490
tt21188080,13400000,9927714,-3472286
tt27431598,3300000,10000000,6700000
tt25377462,2800000,10000000,7200000
tt10276482,9000000,10000000,1000000
tt27657135,25000000,10055029,-14944971
tt10651230,7475000,10064347,2589347
tt9100018,13000000,10091821,-2908179
tt28083456,15000000,10134166,-4865834
tt21815562,45000000,10225566,-34774434
tt15006566,3900000,10238603,6338603
tt17491040,19597380,10247262,-9350118
tt28358950,1805100,10247900,8442800
tt23853982,32000000,10361110,-21638890
tt20330434,13700000,10436638,-3263362
tt32298285,7000000,10445082,3445082
tt27004148,314445,10500000,10185555
tt15334488,14000000,10644463,-3355537
tt31064841,16000000,10722792,-5277208
tt26238710,4800000,10758888,5958888
tt33296751,7000000,10866039,3866039
tt12532368,20000000,10885116,-9114884
tt34996428,5500000,10940000,5440000
tt21114104,5500000,10950000,5450000
tt14099334,7100000,11000000,3900000
tt22543326,4000000,11000000,7000000
tt28249919,2000000,11069405,9069405
tt13841850,6500000,11152071,4652071
tt13531468,7780000,11196824,3416824
tt14402146,13500000,11395604,-2104396
tt31945132,7600000,11420300,3820300
tt4960748,33000000,11498884,-21501116
tt21191906,40000000,11537680,-28462320
tt29383379,3467000,11559000,8092000
tt31727267,18000000,11675627,-6324373
tt37956153,58000,11700000,11642000
tt6881490,8500000,11723502,3223502
tt20850406,3400000,11800000,8400000
tt26903104,6503911,11825293,5321382
tt22036406,37647000,11882000,-25765000
tt18072316,41100000,12018000,-29082000
tt8277246,250000,12100000,11850000
tt20168564,24500000,12109608,-12390392
tt32223398,11764705,12117647,352942
tt26237514,25000000,12165702,-12834298
tt19406606,6500000,12238643,5738643
tt33034103,3000000,12311598,9311598
tt13521006,35000000,12337378,-22662622
tt21027780,1480000,12400000,10920000
tt27196021,3000000,12534032,9534032
tt23778968,5000000,12537071,7537071
tt11240348,22000000,12610418,-9389582
tt19637052,10000000,12778225,2778225
tt35064672,15872640,12947333,-2925307
tt17527468,11300000,12976079,1676079
tt24577462,12000000,12977758,977758
tt17277414,22400000,13000000,-9400000
tt11952606,17000000,13071438,-3928562
tt32606470,16000000,13207600,-2792400
tt30970235,2400000,13222021,10822021
tt31898445,6606856,13368094,6761238
tt28696532,8000000,13600000,5600000
tt31176520,25000000,13738227,-11261773
tt32080876,4273176,13776156,9502980
tt23060698,1000000,13850731,12850731
tt11827628,30000000,13900000,-16100000
tt11198810,32000000,13900000,-18100000
tt33381728,2200000,13913873,11713873
tt8110652,3000000,13929670,10929670
tt23804696,7700000,14000000,6300000
tt15685876,5000000,14000000,9000000
tt21942866,10000000,14114415,4114415
tt14044924,14450000,14125640,-324360
tt14846026,6600000,14281199,7681199
tt19838566,1000000,14329678,13329678
tt16915972,1000000,14342131,13342131
tt10128846,120000000,14387154,-105612846
tt13560574,1000000,14745049,13745049
tt9731598,22000000,14781779,-7218221
tt21192142,5000000,14864960,9864960
tt26233598,11900000,15000000,3100000
tt11564570,40000000,15000000,-25000000
tt15428134,14500000,15000000,500000
tt1798632,12000000,15039250,3039250
tt15352542,15000000,15076954,76954
tt27712015,20000000,15152854,-4847146
tt30908405,8500000,15202565,6702565
tt10168670,16000000,15234907,-765093
tt18272208,40000000,15397270,-24602730
tt22742964,1874400,15410325,13535925
tt31514146,3730000,15564405,11834405
tt31390893,9000000,15600000,6600000
tt10786774,6600000,15600000,9000000
tt15268244,20000000,15800000,-4200000
tt10403420,250000,15815602,15565602
tt7171442,2000000,15848000,13848000
tt18926098,21700000,15900000,-5800000
tt14060094,43000000,15902207,-27097793
tt27995594,3500000,16000000,12500000
tt13645322,7000000,16000000,9000000
tt10028196,23000000,16000000,-7000000
tt26445483,3100000,16000000,12900000
tt8080204,70000000,16014123,-53985877
tt20221436,26000000,16317120,-9682880
tt15464390,2169000,16367572,14198572
tt22408160,15000000,16398509,1398509
tt28443655,15000000,16423085,1423085
tt35291758,40000000,16661439,-23338561
tt14966898,2000000,16765533,14765533
tt30505698,2000000,16979301,14979301
tt16374352,30000000,17265487,-12734513
tt8368368,16000000,17271613,1271613
tt15325794,3000000,17363261,14363261
tt32369229,1500000,17387282,15887282
tt4772188,3700000,17660107,13960107
tt30788842,18000000,17669913,-330087
tt6685538,5000000,17974964,12974964
tt10767052,14000000,18062279,4062279
tt14542254,17700000,18114769,414769
tt8373206,29100000,18167819,-10932181
tt32547691,30000000,18338606,-11661394
tt29031019,6000000,18416734,12416734
tt9848626,75000000,18500000,-56500000
tt11703244,5000000,18563767,13563767
tt13484872,1240864,18612962,17372098
tt6906292,20000000,18685751,-1314249
tt34888646,18000000,18734382,734382
tt27847051,5000000,18988224,13988224
tt5525650,9800000,19000000,9200000
tt13070038,14000000,19238073,5238073
tt31728330,20000000,19382152,-617848
tt28856462,60000,19601819,19541819
tt12908150,25000000,19700844,-5299156
tt27907811,6400000,20000000,13600000
tt29540862,14000000,20000000,6000000
tt34459219,25000000,20247080,-4752920
tt9198364,60000000,20300000,-39700000
tt4996328,13000000,20571534,7571534
tt14351082,50000000,20592796,-29407204
tt14824600,30000000,20658572,-9341428
tt14564000,24066000,20687449,-3378551
tt13957560,30000000,20703794,-9296206
tt29137778,5000000,20811864,15811864
tt10806040,19200000,20900000,1700000
tt30387012,33000000,21000000,-12000000
tt23790696,50000000,21000000,-29000000
tt17351924,20000000,21013738,1013738
tt10473036,17000000,21110363,4110363
tt11214558,50000000,21133481,-28866519
tt11347146,1800000,21144617,19344617
tt33245761,1079884,21181760,20101876
tt23638614,6000000,21220422,15220422
tt27403986,30000000,21418477,-8581523
tt29439114,15000000,21519488,6519488
tt14439896,4000000,21591034,17591034
tt4357198,15000000,21598574,6598574
tt1001520,45000000,21600000,-23400000
tt11013610,1100000,21608747,20508747
tt35892608,500000,21610797,21110797
tt34621892,8988900,21722847,12733947
tt12672620,39000000,21730766,-17269234
tt36352591,18000000,21739390,3739390
tt14415204,20000000,21760713,1760713
tt14570440,10000000,21761164,11761164
tt7693316,90000000,21768133,-68231867
tt9185206,30000000,21800000,-8200000
tt8097030,175000000,21813358,-153186642
tt14209618,47000000,21915000,-25085000
tt13640696,40000000,21921551,-18078449
tt28671344,8000000,21921749,13921749
tt4873118,55000000,21948551,-33051449
tt22048412,10000000,22057160,12057160
tt13650700,45000000,22393413,-22606587
tt23561236,16000000,22483370,6483370
tt14260836,110000000,22549151,-87450849
tt31314296,12000000,23311502,11311502
tt27714581,7800000,23883986,16083986
tt30851137,80000000,23944025,-56055975
tt35672862,5000000,24063412,19063412
tt9006564,3009565,24076520,21066955
tt27503384,14000000,24094016,10094016
tt1340094,50000000,24109036,-25890964
tt27681354,70000000,24310849,-45689151
tt15163652,12100000,24500000,12400000
tt14205554,100000000,24619953,-75380047
tt31712434,23500000,24727058,1227058
tt7322224,15600000,24733572,9133572
tt14403504,23800000,24823454,1023454
tt21823606,3000000,24856027,21856027
tt10083340,12000000,25300000,13300000
tt39316472,10000000,25379585,15379585
tt27543578,30000000,26117423,-3882577
tt30327451,6100000,26252618,20152618
tt32306991,4000000,26400616,22400616
tt11358390,65000000,26493921,-38506079
tt39018643,20000000,26721893,6721893
tt27540217,30500000,27000000,-3500000
tt20234774,12600000,27219729,14619729
tt20990442,27000000,27834512,834512
tt20768712,20000000,27849137,7849137
tt15732324,7500000,28000000,20500000
tt14536120,15000000,28013812,13013812
tt13238346,12000000,28126646,16126646
tt32149847,11000000,28748727,17748727
tt14444726,35000000,29048571,-5951429
tt11291274,30000000,29116320,-883680
tt18079362,28000000,29637811,1637811
tt5177120,60000000,29768915,-30231085
tt9104736,28000000,30000000,2000000
tt1723808,25000000,30107173,5107173
tt22041854,20000000,30140906,10140906
tt31170389,20000000,30482490,10482490
tt26936666,35500000,30745762,-4754238
tt10505918,21035003,30823000,9787997
tt10304142,80000000,31245810,-48754190
tt33763941,15000000,31620508,16620508
tt12672536,27500000,31843086,4343086
tt15153532,46000000,32000000,-14000000
tt6455162,8400000,32000000,23600000
tt1609486,40000000,32227855,-7772145
tt1493274,40000000,32703294,-7296706
tt14941698,11983950,32800000,20816050
tt24950660,12000000,32867848,20867848
tt4978420,115000000,33017367,-81982633
tt32104007,20000000,33105849,13105849
tt32558992,18000000,33129099,15129099
tt12873562,10000000,33628000,23628000
tt7466442,38000000,34148750,-3851250
tt33372494,3379386,34242894,30863508
tt10737918,5500000,34441594,28941594
tt29603959,18000000,34536061,16536061
tt31184028,17000000,34747399,17747399
tt4627382,18000000,34852212,16852212
tt31434639,20000000,34902602,14902602
tt9214772,10000000,35271631,25271631
tt23137390,9000000,35340015,26340015
tt23865918,36500000,35700000,-800000
tt34365591,4700000,36000000,31300000
tt17009710,6600000,36000000,29400000
tt27490099,37315205,36010728,-1304477
tt21454134,40000000,36110860,-3889140
tt14961016,8000000,36361572,28361572
tt33311069,20000000,36653413,16653413
tt4216984,25000000,36806021,11806021
tt26584495,10000000,36869122,26869122
tt29567915,11800000,37009109,25209109
tt27131358,20000000,37182814,17182814
tt3447590,25000000,37289659,12289659
tt3291150,100000000,37917985,-62082015
tt17505010,50000000,38735702,-11264298
tt26342662,15000000,39173710,24173710
tt27118357,14700000,39200000,24500000
tt3758542,95000000,39220516,-55779484
tt32246771,15000000,39410222,24410222
tt22444570,29500000,40000000,10500000
tt21064584,15900000,40130232,24230232
tt10364034,86000000,40208268,-45791732
tt1527793,12200000,40223568,28023568
tt2347285,10000000,40262167,30262167
tt26731216,5000000,40392664,35392664
tt13818368,30000000,40500000,10500000
tt30840798,30000000,40566381,10566381
tt10720352,19000000,40829138,21829138
tt15501640,7200000,41000000,33800000
tt33028778,21000000,41235665,20235665
tt33978029,14000000,42212563,28212563
tt28630624,25000000,42238170,17238170
tt1896747,100000000,42260534,-57739466
tt31434030,52000000,42404858,-9595142
tt4428398,45000000,42500000,-2500000
tt14849194,13000000,42513270,29513270
tt27489557,28000000,43015969,15015969
tt28996126,25000000,43285109,18285109
tt12300742,55000000,43500000,-11500000
tt26658104,10000000,43778760,33778760
tt11976134,41100000,43800000,2700000
tt30988739,50000000,43887905,-6112095
tt35222590,1400000,43892680,42492680
tt10223460,23000000,44000000,21000000
tt29354040,15000000,44029271,29029271
tt30395619,200000,44354825,44154825
tt14850054,90000000,44856736,-45143264
tt31923069,55000000,45240624,-9759376
tt15791034,4500000,45400000,40900000
tt14208870,40000000,45629909,5629909
tt26932223,17600000,45700000,28100000
tt27155038,70000000,46247409,-23752591
tt14858658,20000000,46393906,26393906
tt11210390,72000000,46497678,-25502322
tt1448754,15000000,46553280,31553280
tt27487934,36000000,47700000,11700000
tt22868010,23000000,47976996,24976996
tt22050754,8500000,48166448,39666448
tt10078772,25000000,48703174,23703174
tt10855768,7000000,48767848,41767848
tt7985704,50000000,48983306,-1016694
tt18411490,36000000,49000000,13000000
tt14088510,8000000,49256239,41256239
tt11813216,20000000,49300000,29300000
tt21800162,9000000,50121593,41121593
tt8999762,9600000,50145227,40545227
tt21261712,30000000,51001975,21001975
tt26736843,30000000,51147812,21147812
tt27564844,4000000,51226173,47226173
tt32221196,14000000,51896264,37896264
tt28015403,10000000,51913394,41913394
tt31973693,30000000,51989385,21989385
tt16280138,45000000,52000000,7000000
tt10098448,15000000,52300000,37300000
tt4998632,40000000,52303589,12303589
tt7160372,15000000,52631884,37631884
tt23177868,12000000,53400000,41400000
tt14230388,25000000,53857743,28857743
tt32357218,50000000,53933639,3933639
tt5672290,30000000,53992802,23992802
tt30955489,15000000,54105064,39105064
tt9179430,15354648,54172014,38817366
tt11821912,31764000,54216867,22452867
tt12915716,63000000,54300000,-8700000
tt1856080,40000000,54401583,14401583
tt15679400,20000000,54700000,34700000
tt31050594,60000000,54708061,-5291939
tt9682428,15000000,54785387,39785387
tt8356942,75000000,55700000,-19300000
tt13223398,36000000,56000000,20000000
tt28607951,6000000,56286295,50286295
tt13833688,3000000,57615635,54615635
tt30343021,30000000,57889762,27889762
tt27441481,43000000,57917990,14917990
tt8008948,40000000,58371508,18371508
tt15301048,20000000,58424000,38424000
tt32141377,63000000,58522222,-4477778
tt10701074,29500000,59000000,29500000
tt21478426,234325,59530099,59295774
tt26684398,5000000,59629242,54629242
tt12193804,50000000,59806881,9806881
tt15327088,1960000,60447800,58487800
tt12261776,45000000,60730568,15730568
tt30057084,20000000,60934894,40934894
tt8790086,130000000,62076533,-67923467
tt10374610,20000000,63103084,43103084
tt28037987,5500000,63539300,58039300
tt4045450,18000000,64808120,46808120
tt10640346,78000000,65267446,-12732554
tt5834426,146000000,67319703,-78680297
tt27714946,10000000,68871071,58871071
tt1200263,90000000,68919191,-21080809
tt14107334,110000000,69000000,-41000000
tt11138512,70000000,69633110,-366890
tt15654328,42219285,71772785,29553500
tt24516518,30000000,72500000,42500000
tt32430579,90000000,72900246,-17099754
tt10298840,180000000,73621640,-106378360
tt38350059,28100000,73797878,45697878
tt31392609,1000000,73800000,72800000
tt5884796,25000000,74515586,49515586
tt5500218,100000000,75000000,-25000000
tt26446278,46000000,75360860,29360860
tt12003946,20000000,75734910,55734910
tt13375076,18000000,76987621,58987621
tt27534307,15000000,77239314,62239314
tt17526714,17500000,77316812,59816812
tt9764362,35000000,79628200,44628200
tt32214143,32000000,80322142,48322142
tt11466222,10000000,80563999,70563999
tt3427252,35000000,82344833,47344833
tt15671028,45000000,83000000,38000000
tt7967302,25200000,83612781,58412781
tt26753003,30000000,83677281,53677281
tt27922706,15500000,84000000,68500000
tt30795948,6400000,84058132,77658132
tt11252248,20000000,84774243,64774243
tt15678738,60900000,85865995,24965995
tt10731256,35000000,86700000,51700000
tt13927994,34000000,87229100,53229100
tt14209916,32500000,88314672,55814672
tt33046197,78500000,89000000,10500000
tt33714084,30000000,89039780,59039780
tt9150192,40000000,89400711,49400711
tt16419074,80000000,90100000,10100000
tt27911000,2000000,90322103,88322103
tt10698680,13000000,90410749,77410749
tt33088452,30000000,90452948,60452948
tt32612507,22000000,90552113,68552113
tt26439764,14000000,91000000,77000000
tt10638522,4500000,91959188,87459188
tt11703710,40000000,92651384,52651384
tt8036976,40000000,94041481,54041481
tt16426418,55000000,94182533,39182533
tt33057137,2000000,94700000,92700000
tt20316748,38400000,95399186,56999186
tt0899043,60000000,96000836,36000836
tt15009428,200000000,96221061,-103778939
tt16550628,7700000,97000000,89300000
tt8093700,50000000,97562514,47562514
tt30476486,5000000,100255784,95255784
tt11057302,80000000,100498764,20498764
tt15838850,7600000,101166707,93566707
tt3402138,42000000,102147396,60147396
tt7068946,80000000,103223366,23223366
tt11858890,80000000,104272136,24272136
tt11762114,36000000,104970953,68970953
tt10665342,33000000,105400796,72400796
tt14905854,30000000,107756183,77756183
tt31888477,50000000,107929546,57929546
tt30253473,20000000,107949056,87949056
tt13751694,13000000,108300000,95300000
tt30476518,7000000,109500000,102500000
tt14668630,50000000,111080122,61080122
tt7405458,50000000,113360085,63360085
tt0427340,200000000,113370814,-86629186
tt23289160,15000000,113676322,98676322
tt27419466,250000000,115510565,-134489435
tt20215234,20000000,115657988,95657988
tt23173980,5000000,116950000,111950000
tt1674782,45000000,117105466,72105466
tt1695843,157800000,117449790,-40350210
tt14230458,35000000,117607117,82607117
tt8814476,175000000,120067228,-54932772
tt22687790,60000000,121400000,61400000
tt4495098,60000000,121700000,61700000
tt18069420,58000000,124157356,66157356
tt21807222,13000000,125319714,112319714
tt17279496,50000000,126542249,76542249
tt12844910,30270000,127180000,96910000
tt23468450,10000000,127961936,117961936
tt30024043,38500000,128093757,89593757
tt8864596,75000000,129408392,54408392
tt17490712,80000000,129470012,49470012
tt32565993,75000000,130574611,55574611
tt9362930,104000000,130788072,26788072
tt33071426,28000000,132227793,104227793
tt29644189,30000000,132675749,102675749
tt12299608,118000000,133542263,15542263
tt10151854,110000000,134221819,24221819
tt35231039,8000000,134421151,126421151
tt33244668,45000000,135148320,90148320
tt25434854,28700000,136090000,107390000
tt33014583,24000000,136599112,112599112
tt15354916,31736340,136675088,104938748
tt12921446,30000000,136998069,106998069
tt7657566,90000000,137307235,47307235
tt7181546,90000000,137408107,47408107
tt29268110,28000000,138128854,110128854
tt11245972,24000000,138874789,114874789
tt6710474,25000000,139200000,114200000
tt32063050,50000000,140431671,90431671
tt11563598,65000000,140508652,75508652
tt12735488,75000000,141000000,66000000
tt6604188,220000000,142249983,-77750017
tt9411972,24000000,144353965,120353965
tt10954718,40000000,145603415,105603415
tt13345606,15000000,147256372,132256372
tt10548174,60000000,151308832,91308832
tt39139925,14330000,152900759,138570759
tt31956415,42000000,153176952,111176952
tt4900148,150000000,154291182,4291182
tt5537002,200000000,158722599,-41277401
tt8178634,69000000,160000000,91000000
tt15314262,35000000,162619535,127619535
tt23572848,64000000,163197450,99197450
tt5108870,75000000,167635712,92635712
tt14109724,20000000,168800000,148800000
tt17663992,33000000,169063850,136063850
tt10954984,68000000,171932082,103932082
tt32843325,120000000,172619925,52619925
tt12037194,168000000,174287546,6287546
tt8589698,75000000,180513586,105513586
tt8521778,70000000,180828556,110828556
tt1684562,125000000,181073291,56073291
tt8760708,12000000,181796517,169796517
tt5040012,50000000,181805645,131805645
tt31227572,105000000,184500000,79500000
tt14948432,250000000,185700759,-64299241
tt13405778,16000000,189086877,173086877
tt11152168,110000000,190309707,80309707
tt17024450,70000000,191067560,121067560
tt32916440,65000000,191303074,126303074
tt30472557,4100000,191400000,187300000
tt13320622,74000000,192907684,118907684
tt27613895,90000000,193566330,103566330
tt21235248,100000000,201967521,101967521
tt15837338,30000000,202231360,172231360
tt8912936,90000000,203000000,113000000
tt32649961,123000000,203356793,80356793
tt6208148,271600000,205679463,-65920537
tt10676048,274800000,206136825,-68663175
tt11315808,190000000,207500287,17500287
tt2906216,151000000,208200000,57200000
tt30144839,175000000,209377100,34377100
tt14362112,95000000,210231405,115231405
tt5822536,90000000,211000000,121000000
tt27047903,45000000,213835967,168835967
tt26047818,25000000,214891370,189891370
tt15474916,17000000,217408513,200408513
tt16539454,52900000,219000000,166100000
tt13287846,165000000,222435664,57435664
tt10298810,200000000,226425420,26425420
tt32093575,30000000,228436956,198436956
tt15047880,115000000,232932501,117932501
tt12593682,90000000,239268602,149268602
tt30274401,36000000,239568877,203568877
tt30017619,80000000,239676236,159676236
tt32897959,80000000,241601072,161601072
tt4712810,90000000,243700000,153700000
tt8115900,80000000,250162278,170162278
tt7599146,14500000,250600000,236100000
tt15801594,8800000,253816909,245016909
tt5779228,60000000,254907482,194907482
tt11304740,175000000,254997360,79997360
tt28814949,15000000,261656269,246656269
tt13433802,67000000,261907653,194907653
tt10160976,38500000,269670590,231170590
tt26581740,38000000,269972492,231972492
tt0439572,220000000,271333313,51333313
tt11145118,75000000,275300000,200300000
tt3704428,85000000,288670284,203670284
tt6587046,50000000,294200000,244200000
tt4589218,20000000,297242145,277242145
tt6495056,72000000,298776052,226776052
tt16428256,13000000,314992206,301992206
tt9619824,50000000,317854739,267854739
tt32890033,85000000,318467540,233467540
tt29623480,78000000,331982078,253982078
tt17507018,9500000,334039200,324539200
tt10545296,100000000,337371917,237371917
tt30825738,165000000,342263695,177263695
tt18412256,80000000,350865342,270865342
tt10655524,55000000,351441044,296441044
tt6979756,85000000,369081777,284081777
tt31193180,100000000,371368759,271368759
tt26443616,150000000,372038602,222038602
tt12584954,155000000,372262265,217262265
tt2963262,10500000,377523000,367023000
tt26657236,10000000,382242592,372242592
tt20969586,180000000,382436917,202436917
tt1462764,294700000,383963057,89263057
tt6443346,200000000,393452111,193452111
tt11389872,160000000,397378150,237378150
tt9224104,129000000,398500317,269500317
tt27543632,35000000,399644671,364644671
tt4919268,100000000,404547819,304547819
tt12412888,110000000,405421518,295421518
tt1464335,120000000,407141258,287141258
tt4123432,200000000,407200000,207200000
tt14513804,180000000,415101577,235101577
tt36598036,20000000,422785908,402785908
tt37287335,750000,430126260,429376260
tt28151876,100000000,433606094,333606094
tt9663764,205000000,440181226,235181226
tt5090568,195000000,441381193,246381193
tt10366206,100000000,447316405,347316405
tt2049403,99000000,452000435,353000435
tt9218128,310000000,462180717,152180717
tt30829309,60000000,466862668,406862668
tt10954600,326600000,476071180,149471180
tt16366836,120000000,478937618,358937618
tt3915174,90000000,484700000,394700000
tt18259086,122000000,492162604,370162604
tt15789038,200000000,496444308,296444308
tt22898462,55000000,499256445,444256445
tt10676052,229600000,521858728,292258728
tt19847976,150000000,539042601,389042601
tt21692408,80000000,548040835,468040835
tt5971474,297000000,569626289,272626289
tt9603212,220000000,571125435,351125435
tt14539740,150000000,571750016,421750016
tt9603208,400000000,598767057,198767057
tt5950044,225000000,618723803,393723803
tt16194408,200000000,626203271,426203271
tt16311594,300000000,634142436,334142436
tt6166392,125000000,634502312,509502312
tt26743210,150000000,636351148,486351148
tt13539646,73800000,665000000,591200000
tt12042730,200000000,683349773,483349773
tt33612209,100000000,689469075,589469075
tt9362722,100000000,690897910,590897910
tt5433140,340000000,704709660,364709660
tt15239678,190000000,714844358,524844358
tt13186482,200000000,722631756,522631756
tt32820897,20000000,733030221,713030221
tt1262426,150000000,758827029,608827029
tt10648342,250000000,760928081,510928081
tt1877830,185000000,772775278,587775278
tt6791350,250000000,845550000,595550000
tt9114286,250000000,859102154,609102154
tt31036941,180000000,869146189,689146189
tt29355505,250000000,893663559,643663559
tt5113044,85000000,940203765,855203765
tt15398776,100000000,952000000,852000000
tt9419884,350600000,955775804,605175804
tt3566834,150000000,960387780,810387780
tt7510222,100000000,972021410,872021410
tt11378946,250000000,1001897734,751897734
tt8041270,658800000,1004004592,345204592
tt28650488,110000000,1009214136,899214136
tt11655566,100000000,1038027526,938027526
tt13622970,150000000,1059242164,909242164
tt6263850,200000000,1338073645,1138073645
tt6718170,100000000,1360879735,1260879735
tt1517268,145000000,1447138421,1302138421
tt1745960,170000000,1488732821,1318732821
tt1757678,350000000,1490477656,1140477656
tt22022452,200000000,1698863816,1498863816
tt26443597,150000000,1868208796,1718208796
tt34956443,80000000,2259822417,2179822417
tt1630029,460000000,2334484620,1874484620
