tconst,genres
tt2963262,Biography
tt2963262,Drama
tt2963262,History
tt34888646,Biography
tt34888646,Drama
tt34888646,Music
tt9044418,Action
tt9044418,Drama
tt9044418,Thriller
tt27502365,Action
tt27502365,Comedy
tt27502365,Drama
tt11448138,Horror
tt11448138,Mystery
tt11448138,Thriller
tt30829309,Comedy
tt30829309,Drama
tt30829309,Sport
tt7171442,Action
tt7171442,Adventure
tt7171442,Drama
tt21114104,Comedy
tt32369229,Action
tt32369229,Crime
tt32369229,Drama
tt28078628,Biography
tt28078628,Drama
tt27712015,Action
tt27712015,Comedy
tt27712015,Crime
tt16194408,Action
tt16194408,Drama
tt16194408,History
tt16150082,Drama
tt14044924,Action
tt14044924,Adventure
tt14044924,Comedy
tt13361648,Comedy
tt14099796,Action
tt14099796,Crime
tt14099796,Drama
tt32843325,Action
tt32843325,Drama
tt32843325,Fantasy
tt11347146,Action
tt11347146,Adventure
tt11347146,Drama
tt29544253,Adventure
tt29544253,Animation
tt29544253,Comedy
tt21191906,Documentary
tt29344974,Comedy
tt29344974,Musical
tt16550628,Comedy
tt16550628,Family
tt17494686,Action
tt17494686,Crime
tt17494686,Drama
tt33381728,Action
tt33381728,Adventure
tt33381728,Animation
tt34459219,Comedy
tt34459219,Family
tt33412884,Action
tt33412884,Drama
tt33412884,Thriller
tt7093904,Adventure
tt7093904,Animation
tt7093904,Fantasy
tt25377462,Comedy
tt25377462,Crime
tt25377462,Drama
tt28630624,Action
tt28630624,Comedy
tt28630624,Family
tt24516518,Comedy
tt24516518,Drama
tt24516518,Thriller
tt14941698,Adventure
tt14941698,Animation
tt14941698,Comedy
tt19894774,Drama
tt6881490,Drama
tt15801594,Comedy
tt15801594,Drama
tt17351056,Action
tt13645322,Comedy
tt13645322,Family
tt13645322,Romance
tt37956153,Drama
tt37956153,Family
tt32214143,Adventure
tt32214143,Animation
tt32214143,Comedy
tt25434854,Adventure
tt25434854,Animation
tt25434854,Drama
tt21478426,Action
tt21478426,Drama
tt21478426,Thriller
tt27587485,Drama
tt27587485,History
tt27587485,Thriller
tt5181260,Drama
tt5181260,Family
tt8277246,Drama
tt8277246,History
tt31898445,Action
tt31898445,Adventure
tt31898445,Thriller
tt30476518,Drama
tt30476518,Family
tt16374352,Biography
tt16374352,Drama
tt11013610,Horror
tt11013610,Mystery
tt11013610,Thriller
tt32649961,Action
tt32649961,Adventure
tt32649961,Drama
tt31727267,Biography
tt31727267,Drama
tt31727267,History
tt11952606,Comedy
tt39018643,Documentary
tt39018643,Music
tt21352380,Comedy
tt21352380,Drama
tt29031019,Comedy
tt29031019,Romance
tt36598036,Drama
tt36598036,History
tt36598036,War
tt23173980,Action
tt23173980,Adventure
tt23173980,Crime
tt17507018,Crime
tt17507018,Drama
tt17507018,Mystery
tt12532368,Adventure
tt12532368,Animation
tt12532368,Comedy
tt23049206,Drama
tt23049206,Thriller
tt21825416,Drama
tt21825416,History
tt21825416,Thriller
tt6133444,Biography
tt6133444,Drama
tt6133444,Sport
tt28696532,Comedy
tt28696532,Drama
tt28696532,Fantasy
tt27004148,Drama
tt27004148,Horror
tt27004148,Thriller
tt13484872,Action
tt13484872,Crime
tt13484872,Drama
tt32606470,Action
tt32606470,Adventure
tt32606470,Crime
tt30908405,Drama
tt10545696,Crime
tt10545696,Drama
tt10545696,Mystery
tt2467700,Adventure
tt2467700,Animation
tt2467700,Comedy
tt29354040,Documentary
tt29354040,Music
tt28856462,Comedy
tt28856462,Horror
tt13848804,Adventure
tt13848804,Family
tt13848804,Musical
tt13531468,Comedy
tt13531468,Drama
tt16731908,Comedy
tt16731908,Drama
tt36352591,Comedy
tt36352591,Romance
tt14534796,Comedy
tt14534796,Crime
tt14534796,Drama
tt25808194,Action
tt25808194,Horror
tt25808194,Sci-Fi
tt28763074,Horror
tt28763074,Mystery
tt28763074,Thriller
tt28151876,Action
tt28151876,Comedy
tt28151876,Drama
tt33057137,Action
tt33057137,Thriller
tt33057137,War
tt26237514,Biography
tt26237514,Drama
tt26237514,History
tt30024043,Action
tt30024043,Drama
tt30024043,Thriller
tt19841734,Comedy
tt19841734,Crime
tt19841734,Romance
tt27907811,Action
tt27907811,Adventure
tt27907811,Romance
tt10737918,Action
tt10737918,Adventure
tt10737918,Drama
tt34996428,Comedy
tt19838566,Action
tt19838566,Drama
tt19838566,Fantasy
tt35524793,Comedy
tt35524793,Drama
tt35524793,Thriller
tt39316472,Comedy
tt39316472,Documentary
tt16915972,Drama
tt16915972,Horror
tt16915972,Mystery
tt39143902,Horror
tt39143902,Romance
tt39143902,Sci-Fi
tt17491040,Action
tt17491040,Adventure
tt17491040,Comedy
tt29137778,Action
tt29137778,Adventure
tt29137778,Drama
tt15685876,Action
tt15685876,Comedy
tt15685876,Thriller
tt34621892,Comedy
tt34621892,Romance
tt35231039,Drama
tt15464390,Action
tt15464390,Drama
tt15464390,History
tt38350059,Comedy
tt11092020,Action
tt11092020,Drama
tt11092020,Thriller
tt27419466,Action
tt27419466,Adventure
tt27419466,Comedy
tt23875550,Action
tt23875550,Sci-Fi
tt23638614,Biography
tt23638614,Drama
tt23638614,Family
tt26731216,Drama
tt26731216,Family
tt37333137,Comedy
tt37333137,Drama
tt37333137,History
tt26238710,Adventure
tt26238710,Comedy
tt26238710,Family
tt14188930,Comedy
tt14188930,Crime
tt14188930,Drama
tt19406606,Action
tt19406606,Romance
tt19406606,Sci-Fi
tt6979756,Action
tt6979756,Adventure
tt6979756,Drama
tt15837338,Action
tt15837338,Adventure
tt15837338,Animation
tt10473036,Adventure
tt10473036,Animation
tt10473036,Comedy
tt33245761,Comedy
tt33245761,Drama
tt15678738,Adventure
tt15678738,Animation
tt15678738,Drama
tt30795948,Comedy
tt30827810,Adventure
tt30827810,Comedy
tt30827810,Crime
tt30327451,Comedy
tt30327451,Drama
tt30327451,Music
tt14536120,Drama
tt14536120,Fantasy
tt14536120,Horror
tt6685538,Adventure
tt6685538,Animation
tt6685538,Comedy
tt28682323,Horror
tt32104007,Action
tt32104007,Adventure
tt32104007,Biography
tt23865918,Action
tt23865918,Drama
tt23865918,Romance
tt20330434,Comedy
tt20330434,Crime
tt20330434,Mystery
tt18069420,Adventure
tt18069420,Animation
tt18069420,Comedy
tt4428398,Action
tt4428398,Adventure
tt4428398,Animation
tt20168564,Action
tt20168564,Adventure
tt20168564,Fantasy
tt22742964,Action
tt22742964,Comedy
tt22742964,Crime
tt14570440,Drama
tt31064841,Animation
tt31064841,Biography
tt31064841,Comedy
tt29606499,Action
tt29606499,Crime
tt29606499,Thriller
tt11075264,Action
tt11075264,Comedy
tt11075264,Drama
tt14542254,Crime
tt14542254,Drama
tt14542254,Thriller
tt30476486,Animation
tt30476486,Comedy
tt30476486,Drama
tt22866358,Adventure
tt22866358,Comedy
tt22866358,Drama
tt35019998,Action
tt35019998,Drama
tt35019998,History
tt10364034,Action
tt10364034,Adventure
tt10364034,Animation
tt38693888,Comedy
tt38693888,Family
tt38693888,Romance
tt7967302,Animation
tt7967302,Biography
tt7967302,Family
tt2347285,Adventure
tt2347285,Comedy
tt2347285,Drama
tt15380630,Comedy
tt15380630,Drama
tt15380630,Romance
tt27490099,Comedy
tt27490099,Crime
tt27490099,Drama
tt11068094,Biography
tt11068094,Drama
tt11068094,Family
tt23572848,Adventure
tt23572848,Animation
tt23572848,Comedy
tt15352542,Adventure
tt15352542,Animation
tt15352542,Comedy
tt10651230,Animation
tt10651230,Drama
tt10651230,History
tt26684398,Action
tt26684398,Animation
tt26684398,Comedy
tt33714084,Drama
tt33714084,Romance
tt14351082,Biography
tt14351082,Drama
tt14351082,History
tt20768712,Comedy
tt20768712,Romance
tt23177868,Adventure
tt23177868,Animation
tt23177868,Comedy
tt1609486,Adventure
tt1609486,Animation
tt1609486,Comedy
tt30395619,Action
tt30395619,Adventure
tt30395619,Animation
tt28358950,Drama
tt28358950,Thriller
tt22543326,Action
tt22543326,Comedy
tt22543326,Drama
tt23790696,Action
tt23790696,Comedy
tt23790696,Fantasy
tt33763941,Horror
tt33763941,Thriller
tt15140278,Comedy
tt15140278,Crime
tt15140278,Drama
tt16606592,Adventure
tt16606592,Drama
tt16606592,Fantasy
tt32890033,Adventure
tt32890033,Animation
tt32890033,Comedy
tt32306991,Comedy
tt32306991,Romance
tt31170389,Fantasy
tt31170389,Horror
tt31170389,Mystery
tt15334488,Drama
tt15334488,Romance
tt20316748,Action
tt20316748,Crime
tt20316748,Thriller
tt26927452,Thriller
tt12672620,Action
tt12672620,Adventure
tt12672620,Drama
tt1723808,Biography
tt1723808,Drama
tt1723808,History
tt23330554,Horror
tt23330554,Mystery
tt23330554,Thriller
tt32223398,Action
tt32223398,Crime
tt32223398,Drama
tt27540217,Action
tt27540217,Crime
tt27540217,Drama
tt28671344,Horror
tt28671344,Mystery
tt26903104,Action
tt26903104,Crime
tt26903104,Drama
tt11240348,Horror
tt11240348,Thriller
tt11210390,Adventure
tt11210390,Comedy
tt11210390,Family
tt26233598,Action
tt26233598,Crime
tt26233598,Drama
tt18079362,Comedy
tt18079362,Drama
tt18079362,Sport
tt10505918,Action
tt10505918,Crime
tt10505918,Thriller
tt32547691,Drama
tt32547691,History
tt32547691,Thriller
tt33311069,Action
tt33311069,Crime
tt33311069,Thriller
tt10954718,Action
tt10954718,Adventure
tt10954718,Animation
tt23804696,Action
tt23804696,Crime
tt23804696,Thriller
tt27155038,Action
tt27155038,Adventure
tt27155038,Animation
tt23790740,Biography
tt23790740,Drama
tt6722802,Crime
tt6722802,Drama
tt6722802,Mystery
tt13655120,Sci-Fi
tt13655120,Thriller
tt33296751,Crime
tt33296751,Drama
tt33296751,Music
tt13070038,Drama
tt13070038,Romance
tt15838850,Action
tt15838850,Crime
tt15838850,Thriller
tt22036406,Action
tt22036406,Adventure
tt22036406,Fantasy
tt13539646,Action
tt13539646,Adventure
tt13539646,Drama
tt17277414,Biography
tt17277414,Drama
tt17277414,History
tt10098448,Biography
tt10098448,Drama
tt10098448,History
tt9006564,Action
tt9006564,Drama
tt9006564,Thriller
tt31945132,Action
tt31945132,Crime
tt31945132,Drama
tt15980138,Drama
tt15980138,Mystery
tt15980138,Thriller
tt14121726,Horror
tt14121726,Mystery
tt14121726,Thriller
tt28083456,Comedy
tt28083456,Drama
tt33034103,Comedy
tt33034103,Documentary
tt4960748,Biography
tt4960748,Crime
tt4960748,Drama
tt31195136,Action
tt31195136,Crime
tt31195136,Thriller
tt32284154,Drama
tt32284154,Mystery
tt32284154,Thriller
tt10343028,Drama
tt2316548,Comedy
tt2316548,Drama
tt2316548,Romance
tt27431598,Drama
tt27431598,Horror
tt27431598,Thriller
tt24577462,Horror
tt24577462,Mystery
tt24577462,Sci-Fi
tt14668630,Adventure
tt14668630,Comedy
tt14668630,Family
tt6528290,Action
tt6528290,Adventure
tt6528290,Drama
tt21800162,Comedy
tt21800162,Drama
tt21800162,History
tt30788842,Action
tt30788842,Comedy
tt30788842,Romance
tt9104736,Comedy
tt9104736,Mystery
tt9104736,Thriller
tt32080876,Comedy
tt32080876,Drama
tt32080876,Romance
tt31888477,Drama
tt10276482,Comedy
tt10276482,Drama
tt10276482,Romance
tt8373206,Comedy
tt27757805,Action
tt27757805,Crime
tt27757805,Drama
tt14415204,Horror
tt14415204,Mystery
tt14415204,Thriller
tt22444570,Action
tt22444570,Adventure
tt22444570,Drama
tt16280138,Comedy
tt16280138,Drama
tt32221196,Comedy
tt14362112,Adventure
tt14362112,Animation
tt14362112,Comedy
tt26658104,Horror
tt26658104,Mystery
tt26658104,Thriller
tt1200263,Drama
tt1200263,Musical
tt32178949,Crime
tt32178949,Drama
tt32178949,Thriller
tt11365186,Drama
tt11365186,Romance
tt11365186,Western
tt30387012,Action
tt30387012,Drama
tt30387012,War
tt4996328,Biography
tt4996328,Drama
tt23853982,Drama
tt23853982,Fantasy
tt19760052,Drama
tt19760052,History
tt19760052,Romance
tt32332404,Horror
tt32332404,Mystery
tt32321317,Comedy
tt32321317,Drama
tt32321317,Romance
tt0327785,Action
tt0327785,Comedy
tt0327785,Thriller
tt10806040,Action
tt10806040,Crime
tt10806040,Drama
tt21815562,Biography
tt21815562,Crime
tt21815562,Drama
tt31314296,Drama
tt31314296,Horror
tt31314296,Thriller
tt33372494,Action
tt33372494,Fantasy
tt10786774,Biography
tt10786774,Drama
tt10786774,War
tt31193791,Drama
tt22868010,Drama
tt22868010,Horror
tt22868010,Mystery
tt31392609,Comedy
tt31392609,Drama
tt31392609,Family
tt13650700,Drama
tt13650700,Fantasy
tt13650700,Romance
tt28363783,Action
tt28363783,Adventure
tt28363783,Thriller
tt29540862,Comedy
tt29540862,Horror
tt33088452,Drama
tt33088452,Romance
tt31390893,Action
tt31390893,Biography
tt31390893,Drama
tt11821912,Action
tt11821912,Adventure
tt11821912,Drama
tt18926098,Action
tt18926098,Crime
tt18926098,Drama
tt31969779,Action
tt31969779,Crime
tt31969779,Drama
tt28288786,Comedy
tt28288786,Romance
tt32159989,Crime
tt32159989,Drama
tt32159989,Thriller
tt27118357,Action
tt27118357,Biography
tt27118357,Drama
tt7466442,Adventure
tt7466442,Animation
tt7466442,Comedy
tt27441481,Action
tt27441481,Crime
tt27441481,Thriller
tt34956443,Action
tt34956443,Adventure
tt34956443,Animation
tt35892608,Horror
tt35892608,Sci-Fi
tt35892608,Thriller
tt14564000,Action
tt14564000,Drama
tt1798632,Drama
tt1798632,Horror
tt1798632,Sci-Fi
tt20990442,Horror
tt20990442,Sport
tt20990442,Thriller
tt29383379,Action
tt29383379,Crime
tt29383379,Thriller
tt26445483,Comedy
tt26445483,Crime
tt26445483,Drama
tt28814949,Documentary
tt28814949,Music
tt28814949,Musical
tt15006566,Drama
tt15006566,Thriller
tt35064672,Comedy
tt35064672,Drama
tt35064672,Romance
tt27487934,Action
tt27487934,Thriller
tt35222590,Action
tt35222590,Adventure
tt35222590,Horror
tt25433734,Drama
tt25433734,Family
tt25433734,Romance
tt12672536,Action
tt12672536,Adventure
tt12672536,History
tt23060698,Horror
tt23060698,Mystery
tt23060698,Thriller
tt12193804,Biography
tt12193804,Drama
tt12193804,Music
tt11703244,Comedy
tt11703244,Horror
tt11703244,Mystery
tt14402146,Drama
tt14402146,Romance
tt27613895,Adventure
tt27613895,Animation
tt27613895,Comedy
tt24517830,Comedy
tt24517830,Romance
tt27681354,Action
tt27681354,Drama
tt27681354,Thriller
tt31923069,Biography
tt31923069,Drama
tt31923069,Music
tt29439114,Drama
tt30645201,Comedy
tt30645201,Crime
tt30645201,Mystery
tt5779228,Adventure
tt5779228,Animation
tt5779228,Comedy
tt27056012,Comedy
tt27056012,Drama
tt18272208,Drama
tt30970235,Action
tt30970235,Drama
tt30970235,Thriller
tt6906292,Action
tt6906292,Mystery
tt6906292,Thriller
tt30343021,Biography
tt30343021,Drama
tt30343021,History
tt19356262,Action
tt19356262,Comedy
tt19356262,Thriller
tt27995594,Comedy
tt27995594,Horror
tt14060094,Action
tt14060094,Drama
tt14060094,Thriller
tt14209618,Action
tt14209618,Drama
tt14209618,Thriller
tt14099334,Comedy
tt14099334,Horror
tt14099334,Thriller
tt23778968,Action
tt23778968,Comedy
tt27564844,Horror
tt27564844,Sci-Fi
tt15744298,Action
tt15744298,Adventure
tt15744298,Comedy
tt27852049,Action
tt27852049,Crime
tt27852049,Drama
tt30017619,Action
tt30017619,Adventure
tt30017619,Animation
tt22050754,Horror
tt1856080,Biography
tt1856080,Drama
tt1856080,History
tt24176060,Biography
tt24176060,Drama
tt24176060,History
tt15163652,Action
tt15163652,Crime
tt15163652,Thriller
tt15268244,Comedy
tt10767052,Comedy
tt10767052,Drama
tt10767052,Sport
tt21261712,Biography
tt21261712,Drama
tt21261712,Music
tt33028778,Horror
tt32093575,Comedy
tt32093575,Horror
tt9682428,Horror
tt9682428,Mystery
tt9682428,Thriller
tt21188080,Comedy
tt21188080,Horror
tt21188080,Romance
tt7693316,Action
tt7693316,Adventure
tt7693316,Biography
tt3447590,Comedy
tt3447590,Drama
tt3447590,Family
tt30851137,Drama
tt30851137,Horror
tt30851137,Romance
tt4357198,Comedy
tt4357198,Drama
tt4357198,Thriller
tt32063050,Comedy
tt32063050,Drama
tt32063050,Romance
tt35521922,Horror
tt35521922,Thriller
tt32298285,Action
tt32298285,Adventure
tt32298285,Drama
tt12349832,Horror
tt12349832,Mystery
tt12349832,Thriller
tt5822536,Adventure
tt5822536,Comedy
tt5822536,Family
tt6455162,Comedy
tt6455162,Horror
tt14439896,Biography
tt14439896,Drama
tt14439896,Sport
tt15301048,Biography
tt15301048,Crime
tt15301048,Drama
tt31844586,Action
tt31844586,Thriller
tt31844586,War
tt21027780,Comedy
tt21027780,Drama
tt21027780,Romance
tt32299316,Horror
tt32299316,Thriller
tt36491653,Crime
tt36491653,Drama
tt36491653,Mystery
tt19623240,Horror
tt15153532,Adventure
tt15153532,Comedy
tt14403504,Drama
tt14403504,Thriller
tt32357218,Action
tt32357218,Thriller
tt10701074,Action
tt10701074,Drama
tt9185206,Comedy
tt9185206,Drama
tt9185206,Family
tt32558992,Comedy
tt32558992,Horror
tt32558992,Mystery
tt27196021,Drama
tt11703710,Drama
tt11703710,Romance
tt27657135,Biography
tt27657135,Comedy
tt27657135,Drama
tt8521778,Biography
tt8521778,Drama
tt8521778,Music
tt9731598,Comedy
tt9731598,Romance
tt10720352,Adventure
tt10720352,Drama
tt10720352,Sport
tt14537248,Drama
tt14537248,Horror
tt14537248,Thriller
tt9051908,Drama
tt31956415,Comedy
tt31956415,Family
tt31956415,Fantasy
tt14088510,Horror
tt12873562,Horror
tt12873562,Thriller
tt18072316,Action
tt18072316,Adventure
tt18072316,Sci-Fi
tt31434030,Fantasy
tt31434030,Horror
tt31434030,Romance
tt14824600,Action
tt14824600,Adventure
tt14824600,Animation
tt30505698,Comedy
tt26936666,Action
tt26936666,Crime
tt26936666,Drama
tt11762114,Comedy
tt11762114,Musical
tt31728330,Action
tt31728330,Comedy
tt31728330,Horror
tt1340094,Action
tt1340094,Crime
tt1340094,Fantasy
tt14850054,Action
tt14850054,Adventure
tt14850054,Sci-Fi
tt11827628,Action
tt11827628,Crime
tt11827628,Thriller
tt10128846,Drama
tt10128846,Fantasy
tt10128846,Sci-Fi
tt26745657,Comedy
tt26745657,Drama
tt30274401,Horror
tt30274401,Mystery
tt30274401,Thriller
tt8356942,Action
tt8356942,Drama
tt8356942,Thriller
tt28249919,Drama
tt28249919,Horror
tt28249919,Thriller
tt4216984,Horror
tt4216984,Sci-Fi
tt27922706,Action
tt27922706,Drama
tt27922706,History
tt8008948,Action
tt8008948,Crime
tt8008948,Drama
tt0427340,Action
tt0427340,Adventure
tt0427340,Fantasy
tt20234774,Biography
tt20234774,Comedy
tt20234774,Crime
tt10078772,Action
tt10078772,Crime
tt10078772,Drama
tt17505010,Drama
tt17505010,Western
tt35672862,Horror
tt35672862,Thriller
tt14260836,Biography
tt14260836,Fantasy
tt14260836,Music
tt29344903,Comedy
tt29344903,Drama
tt29344903,Horror
tt15574270,Drama
tt15574270,Horror
tt15574270,Mystery
tt4900148,Adventure
tt4900148,Animation
tt4900148,Comedy
tt9100018,Horror
tt9100018,Mystery
tt9100018,Thriller
tt5761544,Action
tt5761544,Adventure
tt5761544,Drama
tt28259207,Action
tt28259207,Crime
tt28259207,Drama
tt29355505,Adventure
tt29355505,Animation
tt29355505,Comedy
tt8080204,Action
tt8080204,Drama
tt8080204,Mystery
tt15732324,Comedy
tt15732324,Drama
tt18559464,Comedy
tt18559464,Drama
tt18559464,Fantasy
tt6495056,Adventure
tt6495056,Animation
tt6495056,Comedy
tt34365591,Action
tt34365591,Animation
tt34365591,Drama
tt9848626,Adventure
tt9848626,Animation
tt9848626,Comedy
tt10223460,Comedy
tt10223460,Drama
tt10223460,Music
tt13223398,Action
tt13223398,Adventure
tt13223398,Drama
tt1674782,Action
tt1674782,Drama
tt1674782,Family
tt26446278,Action
tt26446278,Adventure
tt26446278,Drama
tt27543578,Comedy
tt27543578,Fantasy
tt27543578,Romance
tt8814476,Action
tt8814476,Adventure
tt8814476,Drama
tt4045450,Horror
tt4045450,Mystery
tt11198810,Crime
tt11198810,Drama
tt11198810,History
tt5525650,Adventure
tt5525650,Drama
tt1695843,Comedy
tt1695843,Drama
tt1695843,Family
tt11304740,Adventure
tt11304740,Animation
tt11304740,Comedy
tt12921446,Horror
tt10298840,Action
tt10298840,Adventure
tt10298840,Animation
tt33046197,Action
tt33046197,Comedy
tt33046197,Crime
tt15501640,Crime
tt15501640,Drama
tt15501640,Mystery
tt11252248,Comedy
tt11252248,Drama
tt31514146,Biography
tt31514146,Drama
tt31712434,Action
tt31712434,Drama
tt32612507,Horror
tt3427252,Horror
tt3427252,Mystery
tt3427252,Thriller
tt13818368,Action
tt13818368,Drama
tt26342662,Action
tt26342662,Sci-Fi
tt26342662,Thriller
tt11851548,Crime
tt11851548,Drama
tt11851548,Horror
tt28443655,Comedy
tt28443655,Fantasy
tt28443655,Horror
tt11466222,Comedy
tt11466222,Documentary
tt22041854,Biography
tt22041854,Drama
tt22041854,Music
tt27744786,Drama
tt27744786,Horror
tt27744786,Thriller
tt3291150,Action
tt3291150,Adventure
tt3291150,Thriller
tt18411490,Action
tt18411490,Adventure
tt18411490,Thriller
tt33978029,Comedy
tt33978029,Horror
tt33978029,Thriller
tt32149847,Drama
tt32149847,Mystery
tt32149847,Thriller
tt26439764,Action
tt26439764,Adventure
tt26439764,Drama
tt17527468,Comedy
tt4978420,Action
tt4978420,Adventure
tt4978420,Comedy
tt27847051,Crime
tt27847051,Drama
tt27847051,Mystery
tt31973693,Comedy
tt28037987,Drama
tt28037987,Musical
tt28037987,Romance
tt1896747,Comedy
tt1896747,Drama
tt1896747,Romance
tt19864802,Action
tt19864802,Thriller
tt17490712,Action
tt17490712,Adventure
tt17490712,Fantasy
tt27047903,Horror
tt27047903,Mystery
tt27047903,Thriller
tt5500218,Action
tt5500218,Drama
tt5500218,Fantasy
tt23137390,Horror
tt23137390,Thriller
tt30472557,Action
tt30472557,Adventure
tt30472557,Animation
tt1341338,Action
tt1341338,Adventure
tt1341338,Comedy
tt31176520,Comedy
tt31176520,Drama
tt31176520,Western
tt24950660,Comedy
tt24950660,Drama
tt24950660,Fantasy
tt13957560,Biography
tt13957560,Comedy
tt13957560,Drama
tt28650488,Adventure
tt28650488,Animation
tt28650488,Comedy
tt27911000,Horror
tt16428256,Adventure
tt16428256,Animation
tt16428256,Drama
tt13405778,Horror
tt13405778,Mystery
tt13405778,Thriller
tt19637052,Crime
tt19637052,Drama
tt19637052,Mystery
tt29644189,Horror
tt39139925,Action
tt39139925,Crime
tt39139925,Thriller
tt8864596,Action
tt8864596,Adventure
tt8864596,Animation
tt10083340,Biography
tt10083340,Crime
tt10083340,Drama
tt16539454,Action
tt16539454,Crime
tt16539454,Drama
tt11152168,Animation
tt11152168,Comedy
tt11152168,Drama
tt32565993,Comedy
tt32565993,Family
tt32565993,Mystery
tt33244668,Action
tt33244668,Adventure
tt33244668,Comedy
tt3758542,Biography
tt3758542,Drama
tt3758542,History
tt1527793,Comedy
tt1527793,Crime
tt1527793,Drama
tt35291758,Documentary
tt30955489,Drama
tt30955489,Horror
tt30955489,Mystery
tt19847976,Drama
tt19847976,Family
tt19847976,Fantasy
tt1001520,Fantasy
tt1001520,Horror
tt1001520,Thriller
tt30840798,Action
tt30840798,Comedy
tt30840798,Crime
tt30825738,Action
tt30825738,Adventure
tt30825738,Family
tt26736843,Fantasy
tt26736843,Horror
tt26736843,Mystery
tt5672290,Horror
tt33612209,Comedy
tt33612209,Drama
tt10855768,Drama
tt10855768,Mystery
tt10855768,Thriller
tt4712810,Crime
tt4712810,Thriller
tt22408160,Comedy
tt22408160,Drama
tt22408160,Horror
tt9198364,Drama
tt9198364,Fantasy
tt9198364,Romance
tt26443616,Adventure
tt26443616,Animation
tt26443616,Comedy
tt27131358,Drama
tt27131358,Romance
tt13640696,Comedy
tt13640696,Crime
tt13640696,Mystery
tt15654328,Action
tt15654328,Crime
tt15654328,Drama
tt10365998,Crime
tt10365998,Horror
tt10365998,Mystery
tt8368368,Biography
tt8368368,Drama
tt8368368,History
tt31050594,Action
tt31050594,Crime
tt31050594,Drama
tt10168670,Drama
tt10168670,Horror
tt10168670,Romance
tt12908150,Drama
tt12908150,Fantasy
tt12908150,Sci-Fi
tt11214558,Action
tt11214558,Biography
tt11214558,Drama
tt32820897,Action
tt32820897,Adventure
tt32820897,Animation
tt11976134,Action
tt11976134,Crime
tt11976134,Drama
tt12735488,Action
tt12735488,Adventure
tt12735488,Sci-Fi
tt8589698,Action
tt8589698,Adventure
tt8589698,Animation
tt21454134,Crime
tt21454134,Drama
tt26932223,Comedy
tt26932223,Fantasy
tt26932223,Horror
tt13927994,Action
tt13927994,Crime
tt13927994,Drama
tt9150192,Action
tt9150192,Thriller
tt13521006,Comedy
tt13521006,Drama
tt13521006,Horror
tt13841850,Drama
tt13841850,Fantasy
tt13841850,Horror
tt21192142,Drama
tt21192142,Romance
tt8912936,Action
tt8912936,Adventure
tt8912936,Animation
tt8115900,Adventure
tt8115900,Animation
tt8115900,Comedy
tt1448754,Horror
tt1448754,Mystery
tt1448754,Thriller
tt4627382,Biography
tt4627382,Crime
tt4627382,Drama
tt15047880,Action
tt15047880,Drama
tt15047880,Mystery
tt14109724,Comedy
tt14109724,Drama
tt14109724,Romance
tt7510222,Adventure
tt7510222,Animation
tt7510222,Comedy
tt18259086,Action
tt18259086,Adventure
tt18259086,Comedy
tt30057084,Drama
tt30057084,Romance
tt30057084,Thriller
tt10160976,Horror
tt10160976,Mystery
tt10160976,Thriller
tt6604188,Action
tt6604188,Adventure
tt6604188,Sci-Fi
tt10403420,Horror
tt10665342,Horror
tt10665342,Mystery
tt10665342,Romance
tt13186482,Adventure
tt13186482,Animation
tt13186482,Drama
tt8093700,Action
tt8093700,Drama
tt8093700,History
tt21692408,Action
tt21692408,Adventure
tt21692408,Animation
tt8790086,Action
tt8790086,Adventure
tt8790086,Thriller
tt27714581,Drama
tt27714581,Family
tt32897959,Drama
tt32897959,Romance
tt31184028,Horror
tt31184028,Romance
tt20850406,Action
tt20850406,Drama
tt20850406,Musical
tt33071426,Comedy
tt33071426,Drama
tt33071426,Romance
tt13669038,Drama
tt15428134,Action
tt15428134,Adventure
tt15428134,Comedy
tt32430579,Crime
tt32430579,Drama
tt32430579,Thriller
tt1493274,Comedy
tt1493274,Crime
tt1493274,Thriller
tt22048412,Crime
tt22048412,Horror
tt9179430,Action
tt9179430,Crime
tt9179430,Thriller
tt29603959,Action
tt29603959,Comedy
tt29603959,Crime
tt8110652,Comedy
tt8110652,Horror
tt8110652,Mystery
tt21942866,Comedy
tt21942866,Drama
tt21942866,Fantasy
tt27714946,Horror
tt30988739,Drama
tt30988739,Mystery
tt30988739,Romance
tt11655566,Action
tt11655566,Adventure
tt11655566,Comedy
tt28996126,Action
tt28996126,Comedy
tt28996126,Crime
tt21807222,Crime
tt21807222,Drama
tt21807222,Horror
tt0899043,Action
tt0899043,Thriller
tt9214772,Action
tt9214772,Crime
tt9214772,Thriller
tt15009428,Action
tt15009428,Comedy
tt15009428,Thriller
tt30253473,Comedy
tt30253473,Drama
tt30253473,Romance
tt13375076,Horror
tt13375076,Thriller
tt9224104,Action
tt9224104,Adventure
tt9224104,Horror
tt10655524,Drama
tt10655524,Romance
tt5884796,Action
tt5884796,Adventure
tt5884796,Drama
tt22898462,Horror
tt22898462,Mystery
tt22898462,Thriller
tt29567915,Biography
tt29567915,Drama
tt29567915,History
tt21235248,Adventure
tt21235248,Comedy
tt21235248,Fantasy
tt5113044,Adventure
tt5113044,Animation
tt5113044,Comedy
tt12261776,Action
tt12261776,Adventure
tt12261776,Sci-Fi
tt10304142,Comedy
tt10304142,Drama
tt10304142,History
tt27503384,Drama
tt11145118,Action
tt11145118,Drama
tt11145118,Sport
tt14444726,Drama
tt14444726,Music
tt26657236,Horror
tt26657236,Sci-Fi
tt26657236,Thriller
tt15354916,Action
tt15354916,Crime
tt15354916,Drama
tt7985704,Action
tt7985704,Adventure
tt7985704,Comedy
tt5834426,Action
tt5834426,Adventure
tt5834426,Sci-Fi
tt4998632,Action
tt4998632,Adventure
tt4998632,Crime
tt31434639,Action
tt31434639,Drama
tt31434639,War
tt4919268,Action
tt4919268,Adventure
tt4919268,Comedy
tt32141377,Horror
tt32141377,Sci-Fi
tt32141377,Thriller
tt14107334,Action
tt14107334,Adventure
tt14107334,Sci-Fi
tt11057302,Action
tt11057302,Thriller
tt13751694,Action
tt13751694,Crime
tt13751694,Drama
tt15327088,Action
tt15327088,Adventure
tt15327088,Drama
tt12412888,Action
tt12412888,Adventure
tt12412888,Comedy
tt9362930,Action
tt9362930,Adventure
tt9362930,Sci-Fi
tt9663764,Action
tt9663764,Adventure
tt9663764,Fantasy
tt11563598,Biography
tt11563598,Drama
tt11563598,Music
tt21064584,Biography
tt21064584,Drama
tt21064584,Sport
tt11358390,Action
tt11358390,Comedy
tt11358390,Fantasy
tt12003946,Action
tt12003946,Comedy
tt12003946,Thriller
tt27489557,Action
tt27489557,Comedy
tt27489557,Crime
tt14905854,Biography
tt14905854,Drama
tt14905854,History
tt14846026,Action
tt14846026,Thriller
tt14846026,War
tt14209916,Comedy
tt14209916,Crime
tt14209916,Thriller
tt13622970,Adventure
tt13622970,Animation
tt13622970,Comedy
tt27403986,Crime
tt27403986,Drama
tt27403986,Mystery
tt10374610,Horror
tt10374610,Thriller
tt3402138,Action
tt3402138,Comedy
tt3402138,Crime
tt14858658,Mystery
tt14858658,Thriller
tt5090568,Action
tt5090568,Adventure
tt5090568,Sci-Fi
tt20215968,Comedy
tt20215968,Crime
tt20215968,Romance
tt7068946,Action
tt7068946,Crime
tt7068946,Drama
tt32246771,Horror
tt32246771,Mystery
tt20221436,Crime
tt20221436,Drama
tt20221436,Musical
tt8036976,Adventure
tt8036976,Horror
tt8036976,Thriller
tt14208870,Biography
tt14208870,Drama
tt14539740,Action
tt14539740,Adventure
tt14539740,Fantasy
tt4495098,Action
tt4495098,Adventure
tt4495098,Drama
tt10298810,Action
tt10298810,Adventure
tt10298810,Animation
tt26743210,Action
tt26743210,Adventure
tt26743210,Comedy
tt12915716,Action
tt12915716,Drama
tt7599146,Biography
tt7599146,Crime
tt7599146,Drama
tt14205554,Action
tt14205554,Adventure
tt14205554,Animation
tt27534307,Drama
tt27534307,Horror
tt27534307,Thriller
tt15325794,Action
tt15325794,Thriller
tt4589218,Horror
tt4589218,Mystery
tt4589218,Thriller
tt15679400,Horror
tt15679400,Mystery
tt15679400,Thriller
tt22687790,Crime
tt22687790,Drama
tt22687790,Horror
tt26443597,Adventure
tt26443597,Animation
tt26443597,Comedy
tt14230388,Comedy
tt14230388,Drama
tt14230388,Romance
tt10151854,Action
tt10151854,Adventure
tt10151854,Comedy
tt33014583,Action
tt33014583,Crime
tt33014583,Thriller
tt29268110,Horror
tt29268110,Mystery
tt29268110,Thriller
tt5433140,Action
tt5433140,Adventure
tt5433140,Crime
tt6587046,Adventure
tt6587046,Animation
tt6587046,Drama
tt14966898,Horror
tt11378946,Biography
tt11378946,Drama
tt11378946,History
tt4772188,Adventure
tt4772188,Animation
tt4772188,Family
tt17663992,Horror
tt17663992,Mystery
tt17663992,Thriller
tt23561236,Comedy
tt23561236,Drama
tt7181546,Action
tt7181546,Adventure
tt7181546,Crime
tt16366836,Action
tt16366836,Fantasy
tt16366836,Horror
tt9411972,Drama
tt9411972,Mystery
tt9411972,Romance
tt31227572,Action
tt31227572,Adventure
tt31227572,Sci-Fi
tt8999762,Drama
tt14948432,Action
tt14948432,Adventure
tt14948432,Comedy
tt18925334,Drama
tt18925334,Horror
tt18925334,Thriller
tt5177120,Action
tt5177120,Comedy
tt5177120,War
tt17024450,Action
tt17024450,Crime
tt17024450,Thriller
tt3566834,Action
tt3566834,Adventure
tt3566834,Comedy
tt21823606,Comedy
tt21823606,Drama
tt10676048,Action
tt10676048,Adventure
tt10676048,Sci-Fi
tt12844910,Action
tt12844910,Adventure
tt12844910,Thriller
tt15789038,Adventure
tt15789038,Animation
tt15789038,Comedy
tt9619824,Horror
tt9619824,Thriller
tt26753003,Crime
tt26753003,Horror
tt26753003,Mystery
tt14961016,Biography
tt14961016,Drama
tt14961016,History
tt11389872,Action
tt11389872,Adventure
tt11389872,Drama
tt10698680,Action
tt10698680,Crime
tt10698680,Drama
tt13345606,Horror
tt5108870,Action
tt5108870,Adventure
tt5108870,Horror
tt27543632,Drama
tt27543632,Mystery
tt27543632,Thriller
tt13238346,Drama
tt13238346,Romance
tt8097030,Action
tt8097030,Adventure
tt8097030,Animation
tt26047818,Comedy
tt26047818,Romance
tt2049403,Comedy
tt2049403,Fantasy
tt2049403,Horror
tt13320622,Action
tt13320622,Adventure
tt13320622,Comedy
tt10731256,Drama
tt10731256,Mystery
tt10731256,Thriller
tt5971474,Adventure
tt5971474,Family
tt5971474,Fantasy
tt13433802,Drama
tt13433802,Horror
tt13433802,Sci-Fi
tt11291274,Action
tt11291274,Comedy
tt11291274,Crime
tt16426418,Comedy
tt16426418,Drama
tt16426418,Romance
tt10028196,Comedy
tt10028196,Drama
tt10028196,Romance
tt26584495,Sci-Fi
tt26584495,Thriller
tt15314262,Action
tt15314262,Crime
tt15314262,Thriller
tt8760708,Horror
tt8760708,Sci-Fi
tt8760708,Thriller
tt14513804,Action
tt14513804,Adventure
tt14513804,Sci-Fi
tt11315808,Drama
tt11315808,Musical
tt11315808,Thriller
tt10545296,Action
tt10545296,Adventure
tt10545296,Drama
tt13287846,Action
tt13287846,Adventure
tt13287846,Biography
tt1757678,Action
tt1757678,Adventure
tt1757678,Drama
tt11245972,Horror
tt11245972,Mystery
tt11245972,Thriller
tt7160372,Drama
tt7160372,History
tt7160372,War
tt4123432,Adventure
tt4123432,Fantasy
tt6166392,Adventure
tt6166392,Comedy
tt6166392,Family
tt16419074,Drama
tt16419074,Sport
tt12584954,Action
tt12584954,Adventure
tt12584954,Thriller
tt32916440,Comedy
tt32916440,Drama
tt32916440,Sport
tt11858890,Action
tt11858890,Adventure
tt11858890,Drama
tt31036941,Action
tt31036941,Adventure
tt31036941,Sci-Fi
tt10640346,Comedy
tt10640346,Drama
tt12300742,Comedy
tt12300742,Crime
tt12300742,Sci-Fi
tt7657566,Crime
tt7657566,Drama
tt7657566,Mystery
tt4873118,Action
tt4873118,Drama
tt4873118,Thriller
tt7405458,Comedy
tt7405458,Drama
tt37287335,Horror
tt37287335,Romance
tt37287335,Thriller
tt7322224,Comedy
tt7322224,Drama
tt15671028,Comedy
tt15671028,Romance
tt10638522,Horror
tt10638522,Thriller
tt10548174,Horror
tt10548174,Sci-Fi
tt10548174,Thriller
tt8178634,Action
tt8178634,Adventure
tt8178634,Drama
tt13560574,Horror
tt13560574,Mystery
tt13560574,Thriller
tt3915174,Action
tt3915174,Adventure
tt3915174,Animation
tt23289160,Action
tt23289160,Adventure
tt23289160,Drama
tt23468450,Crime
tt23468450,Horror
tt23468450,Mystery
tt29623480,Adventure
tt29623480,Animation
tt29623480,Family
tt28015403,Horror
tt28015403,Thriller
tt17009710,Crime
tt17009710,Drama
tt17009710,Mystery
tt1462764,Action
tt1462764,Adventure
tt1462764,Sci-Fi
tt9603208,Action
tt9603208,Adventure
tt9603208,Thriller
tt15474916,Horror
tt15474916,Mystery
tt15474916,Thriller
tt8041270,Action
tt8041270,Adventure
tt8041270,Sci-Fi
tt0439572,Action
tt0439572,Adventure
tt0439572,Fantasy
tt1262426,Fantasy
tt1262426,Musical
tt1262426,Romance
tt12299608,Adventure
tt12299608,Comedy
tt12299608,Fantasy
tt22022452,Adventure
tt22022452,Animation
tt22022452,Comedy
tt3704428,Biography
tt3704428,Drama
tt3704428,Music
tt15791034,Horror
tt15791034,Mystery
tt15791034,Thriller
tt17351924,Drama
tt17351924,Thriller
tt1684562,Action
tt1684562,Comedy
tt1684562,Drama
tt5040012,Fantasy
tt5040012,Horror
tt5040012,Mystery
tt14849194,Comedy
tt14849194,Drama
tt17279496,Action
tt17279496,Thriller
tt17279496,War
tt10676052,Action
tt10676052,Adventure
tt10676052,Sci-Fi
tt10954600,Action
tt10954600,Adventure
tt10954600,Comedy
tt2906216,Action
tt2906216,Adventure
tt2906216,Comedy
tt20215234,Drama
tt20215234,Thriller
tt20969586,Action
tt20969586,Adventure
tt20969586,Crime
tt18412256,Horror
tt18412256,Sci-Fi
tt18412256,Thriller
tt11813216,Comedy
tt11813216,Drama
tt6718170,Adventure
tt6718170,Animation
tt6718170,Comedy
tt28607951,Comedy
tt28607951,Drama
tt28607951,Romance
tt11138512,Action
tt11138512,Adventure
tt11138512,Drama
tt1464335,Action
tt1464335,Adventure
tt9218128,Adventure
tt9218128,Drama
tt6443346,Action
tt6443346,Adventure
tt6443346,Fantasy
tt13833688,Drama
tt5537002,Crime
tt5537002,Drama
tt5537002,History
tt10954984,Horror
tt10954984,Mystery
tt10954984,Sci-Fi
tt12037194,Action
tt12037194,Adventure
tt12037194,Sci-Fi
tt9603212,Action
tt9603212,Adventure
tt9603212,Thriller
tt16311594,Drama
tt16311594,Sport
tt26581740,Horror
tt26581740,Mystery
tt9114286,Action
tt9114286,Adventure
tt9114286,Drama
tt6208148,Adventure
tt6208148,Family
tt6208148,Fantasy
tt10366206,Action
tt10366206,Crime
tt10366206,Thriller
tt14230458,Comedy
tt14230458,Drama
tt14230458,Romance
tt12042730,Adventure
tt12042730,Comedy
tt12042730,Drama
tt30144839,Crime
tt30144839,Thriller
tt5950044,Action
tt5950044,Adventure
tt5950044,Sci-Fi
tt17526714,Drama
tt17526714,Horror
tt17526714,Sci-Fi
tt10648342,Action
tt10648342,Adventure
tt10648342,Comedy
tt6791350,Action
tt6791350,Adventure
tt6791350,Comedy
tt31193180,Horror
tt9764362,Comedy
tt9764362,Horror
tt9764362,Thriller
tt11564570,Comedy
tt11564570,Crime
tt11564570,Drama
tt9362722,Action
tt9362722,Adventure
tt9362722,Animation
tt12593682,Action
tt12593682,Comedy
tt12593682,Thriller
tt9419884,Action
tt9419884,Adventure
tt9419884,Fantasy
tt6263850,Action
tt6263850,Adventure
tt6263850,Comedy
tt1630029,Action
tt1630029,Adventure
tt1630029,Fantasy
tt6710474,Action
tt6710474,Adventure
tt6710474,Comedy
tt1517268,Adventure
tt1517268,Comedy
tt1517268,Fantasy
tt15239678,Action
tt15239678,Adventure
tt15239678,Drama
tt1745960,Action
tt1745960,Drama
tt1877830,Action
tt1877830,Crime
tt1877830,Drama
tt15398776,Biography
tt15398776,Drama
tt15398776,History
