tconst,writers
tt0327785,nm0712444
tt0327785,nm0185429
tt0327785,nm1163466
tt0427340,nm2752098
tt0427340,nm1887480
tt0427340,nm1519639
tt0427340,nm1709264
tt0427340,nm0514821
tt0427340,nm3360218
tt0439572,nm5429637
tt0439572,nm0197855
tt0439572,nm0326246
tt0439572,nm1703612
tt0439572,nm1764901
tt0439572,nm1189346
tt0439572,nm1189825
tt0439572,nm0408639
tt0439572,nm0796950
tt0439572,nm0795975
tt0439572,nm0004170
tt0439572,nm0277730
tt0439572,nm0551376
tt0899043,nm0514474
tt0899043,nm0634307
tt0899043,nm0818889
tt1001520,nm0831290
tt1001520,nm0776885
tt1001520,nm5599654
tt10028196,nm0474609
tt10028196,nm0343165
tt10028196,nm0744839
tt10078772,nm5558051
tt10083340,nm0080220
tt10083340,nm7580249
tt10083340,nm9936180
tt10083340,nm1165501
tt10083340,nm3128535
tt10083340,nm6741315
tt10083340,nm3680093
tt10098448,nm3310472
tt10098448,nm1960111
tt10098448,nm0348197
tt10098448,nm2296528
tt10128846,nm0000338
tt10151854,nm2849655
tt10151854,nm0604555
tt10151854,nm1791910
tt10151854,nm1304148
tt10151854,nm0551376
tt10160976,nm1968372
tt10160976,nm3915456
tt10160976,nm4868455
tt10160976,nm1490123
tt10160976,nm2477891
tt10168670,nm1738734
tt10168670,nm12444098
tt10223460,nm0736966
tt10223460,nm1127337
tt10223460,nm3072210
tt10223460,nm2972397
tt10276482,nm1475479
tt10276482,nm8973399
tt10276482,nm0932731
tt10276482,nm5621145
tt10276482,nm0378932
tt10276482,nm2559188
tt10276482,nm2873754
tt10298810,nm3268751
tt10298810,nm0533691
tt10298810,nm0017690
tt10298810,nm0004056
tt10298810,nm4454013
tt10298810,nm10264498
tt10298840,nm5945690
tt10304142,nm0751102
tt10343028,nm0336695
tt10364034,nm5091631
tt10364034,nm9762072
tt10364034,nm1404660
tt10364034,nm5299502
tt10364034,nm9395765
tt10365998,nm0188722
tt10366206,nm8748334
tt10366206,nm3360218
tt10366206,nm4401003
tt10374610,nm2356768
tt10374610,nm0000175
tt10403420,nm2093171
tt10473036,nm0744429
tt10473036,nm0695332
tt10473036,nm1117203
tt10473036,nm0312881
tt10505918,nm1729382
tt10545296,nm2078681
tt10545296,nm1578335
tt10545296,nm1056741
tt10545696,nm0799442
tt10545696,nm0867374
tt10545696,nm0496312
tt10548174,nm0307497
tt10638522,nm4053334
tt10638522,nm5921025
tt10638522,nm2587184
tt10640346,nm3227090
tt10648342,nm0169806
tt10648342,nm3066492
tt10648342,nm0498278
tt10648342,nm1293367
tt10648342,nm0456158
tt10648342,nm4160687
tt10648342,nm1921680
tt10648342,nm1411347
tt10648342,nm2757098
tt10648342,nm0317493
tt10648342,nm3053444
tt10651230,nm0721476
tt10651230,nm3699790
tt10651230,nm1364790
tt10655524,nm8631159
tt10655524,nm6895402
tt10665342,nm0000118
tt10665342,nm0384185
tt10665342,nm5147161
tt10665342,nm1721369
tt10665342,nm1104131
tt10665342,nm0337773
tt10676048,nm4804442
tt10676048,nm6876585
tt10676048,nm6418980
tt10676052,nm0295264
tt10676052,nm3069408
tt10676052,nm0438266
tt10676052,nm1677206
tt10676052,nm3563965
tt10676052,nm0498278
tt10676052,nm0456158
tt10698680,nm6073824
tt10701074,nm0711745
tt10701074,nm3328122
tt10701074,nm3642393
tt10701074,nm9812496
tt10701074,nm0080238
tt10701074,nm12839717
tt10701074,nm3488838
tt10701074,nm4399252
tt10720352,nm0104973
tt10720352,nm10873813
tt10731256,nm4199289
tt10731256,nm1139317
tt10731256,nm0886749
tt10737918,nm0030417
tt10737918,nm0875212
tt10767052,nm0169806
tt10767052,nm0606597
tt10786774,nm1126068
tt10786774,nm1818188
tt10786774,nm6507373
tt10806040,nm6474441
tt10855768,nm4148345
tt10855768,nm4946908
tt10855768,nm3539578
tt10855768,nm3792134
tt10954600,nm3278218
tt10954600,nm0498278
tt10954600,nm1293367
tt10954600,nm0456158
tt10954600,nm7281223
tt10954718,nm0368614
tt10954718,nm2438127
tt10954984,nm1443502
tt11013610,nm11371960
tt11013610,nm5193944
tt11013610,nm11186732
tt11057302,nm1948885
tt11057302,nm2332952
tt11057302,nm1491771
tt11057302,nm1237416
tt11057302,nm2596636
tt11057302,nm1259714
tt11057302,nm1348210
tt11057302,nm0498278
tt11057302,nm0228492
tt11068094,nm0093560
tt11068094,nm5383459
tt11075264,nm10622004
tt11075264,nm7473972
tt11092020,nm6233868
tt11092020,nm0138620
tt11138512,nm0797604
tt11138512,nm3211470
tt11145118,nm5462940
tt11145118,nm1598140
tt11145118,nm3363032
tt11145118,nm0000230
tt11152168,nm1024677
tt11198810,nm0501947
tt11198810,nm3117337
tt11198810,nm6663648
tt11198810,nm2948957
tt11210390,nm0331453
tt11210390,nm0879853
tt11210390,nm0133899
tt11210390,nm1132447
tt11210390,nm2382268
tt11214558,nm1509478
tt11240348,nm4784201
tt11240348,nm0588679
tt11245972,nm0888743
tt11245972,nm2361509
tt11245972,nm0932078
tt11252248,nm1730221
tt11252248,nm2415524
tt11291274,nm3230448
tt11291274,nm1072410
tt11304740,nm1601644
tt11304740,nm5365495
tt11304740,nm0118333
tt11304740,nm3086932
tt11304740,nm2788015
tt11304740,nm3039386
tt11315808,nm0798788
tt11315808,nm0680846
tt11315808,nm0004170
tt11315808,nm0277730
tt11315808,nm1047603
tt11315808,nm0227704
tt11315808,nm0863622
tt11347146,nm3815669
tt11347146,nm11157356
tt11347146,nm3436850
tt11358390,nm2466457
tt11358390,nm3079117
tt11358390,nm4686368
tt11365186,nm2279578
tt11365186,nm0142286
tt11378946,nm0517589
tt11389872,nm0295264
tt11389872,nm0415425
tt11389872,nm0798646
tt11448138,nm5193944
tt11448138,nm9614987
tt11466222,nm0010338
tt11466222,nm0960537
tt11466222,nm2207459
tt11466222,nm1079524
tt11466222,nm1029269
tt11466222,nm0257424
tt11466222,nm9301658
tt11466222,nm1030622
tt11466222,nm4953179
tt11466222,nm1035634
tt11466222,nm1029878
tt11466222,nm9265587
tt11466222,nm0546640
tt11466222,nm0569199
tt11466222,nm1719646
tt11466222,nm0690686
tt11466222,nm7567645
tt11466222,nm0828177
tt11466222,nm1017027
tt11466222,nm0871860
tt11466222,nm1336162
tt11466222,nm4926932
tt11466222,nm10559277
tt11563598,nm0003506
tt11563598,nm0168379
tt11563598,nm2374778
tt11564570,nm0426059
tt11655566,nm6567426
tt11655566,nm7625761
tt11655566,nm0761498
tt11655566,nm0213450
tt11703244,nm2002824
tt11703244,nm4706639
tt11703244,nm18400833
tt11703710,nm0271501
tt11762114,nm0275486
tt11762114,nm1577281
tt11813216,nm1732981
tt11821912,nm2270180
tt11827628,nm0769123
tt11827628,nm0311640
tt11827628,nm0429741
tt11827628,nm0887452
tt11851548,nm1548597
tt11851548,nm0424901
tt11851548,nm2858852
tt11858890,nm2284484
tt11858890,nm0919363
tt11952606,nm3334252
tt11952606,nm1180074
tt11976134,nm3077594
tt11976134,nm7475043
tt11976134,nm7903884
tt11976134,nm4852908
tt11976134,nm1182352
tt11976134,nm7797473
tt11976134,nm1460159
tt11976134,nm6507373
tt11976134,nm1179457
tt1200263,nm5926700
tt1200263,nm0907504
tt1200263,nm0635568
tt12003946,nm1352459
tt12003946,nm1351254
tt12037194,nm0004306
tt12037194,nm0490147
tt12042730,nm1206844
tt12042730,nm1083982
tt12193804,nm0565026
tt12261776,nm1399714
tt12261776,nm1456816
tt12299608,nm0094435
tt12299608,nm11570022
tt12300742,nm4301557
tt12300742,nm2287741
tt12349832,nm6849061
tt12412888,nm1352459
tt12412888,nm1351254
tt12412888,nm4465847
tt12532368,nm1152581
tt12532368,nm5567590
tt12584954,nm1872664
tt12584954,nm2676052
tt12584954,nm0000341
tt12584954,nm0551926
tt12593682,nm5599654
tt12593682,nm2157655
tt1262426,nm0392848
tt1262426,nm1401416
tt1262426,nm0536579
tt1262426,nm0777451
tt12672536,nm1141181
tt12672536,nm0478799
tt12672536,nm0241416
tt12672620,nm1141181
tt12672620,nm0478799
tt12672620,nm0241416
tt12735488,nm5645455
tt12844910,nm1356270
tt12844910,nm1063072
tt12844910,nm1893457
tt12873562,nm1397455
tt12908150,nm1093039
tt12908150,nm0000175
tt12915716,nm4191232
tt12915716,nm3819854
tt12921446,nm0972104
tt12921446,nm0337773
tt12921446,nm1802374
tt12921446,nm1104131
tt13070038,nm6849771
tt13070038,nm0757267
tt13186482,nm0622288
tt13223398,nm4003337
tt13223398,nm0257513
tt13238346,nm10227660
tt13287846,nm0769227
tt13320622,nm3349927
tt13320622,nm1401416
tt13320622,nm1519639
tt13320622,nm1887480
tt13320622,nm1164861
tt13345606,nm2091846
tt13361648,nm0213354
tt13361648,nm5627015
tt13361648,nm0404485
tt13361648,nm1768443
tt13361648,nm0891554
tt13375076,nm0678104
tt13375076,nm0818746
tt13375076,nm0566979
tt13375076,nm2340423
tt13375076,nm1491740
tt13375076,nm2511004
tt1340094,nm0639335
tt1340094,nm1598140
tt1340094,nm2957440
tt13405778,nm1191481
tt13405778,nm1802374
tt1341338,nm2816668
tt13433802,nm3968825
tt13433802,nm1024677
tt13433802,nm1456816
tt13433802,nm1399714
tt13484872,nm2806693
tt13484872,nm6982468
tt13484872,nm0009248
tt13521006,nm4170048
tt13531468,nm0024887
tt13531468,nm0458251
tt13539646,nm7286732
tt13539646,nm5041153
tt13539646,nm9400702
tt13539646,nm4069148
tt13539646,nm4914792
tt13539646,nm8824223
tt13560574,nm1488800
tt13622970,nm1158544
tt13622970,nm2834849
tt13622970,nm2414279
tt13622970,nm5189773
tt13640696,nm1746309
tt13645322,nm3902889
tt13645322,nm9410880
tt13645322,nm13945146
tt13650700,nm2219721
tt13655120,nm7759605
tt13669038,nm0001631
tt13669038,nm2700470
tt13751694,nm15405623
tt13751694,nm5627672
tt13751694,nm9227041
tt13751694,nm9227039
tt13818368,nm1893457
tt13818368,nm7162517
tt13818368,nm7978607
tt13818368,nm4990507
tt13818368,nm6845075
tt13833688,nm5926708
tt13841850,nm0307497
tt13848804,nm2946490
tt13848804,nm0058302
tt13927994,nm15481458
tt13927994,nm6158998
tt13927994,nm3918957
tt13927994,nm9086605
tt13927994,nm6073824
tt13927994,nm5964113
tt13957560,nm7729220
tt13957560,nm7729221
tt13957560,nm0583826
tt14044924,nm3292009
tt14060094,nm12235649
tt14060094,nm0931251
tt14060094,nm12339173
tt14088510,nm3079735
tt14088510,nm1484245
tt14088510,nm14067973
tt14099334,nm5378778
tt14099796,nm0159039
tt14107334,nm0000175
tt14107334,nm0045209
tt14107334,nm0942367
tt14109724,nm0662530
tt14109724,nm1780206
tt14121726,nm0780655
tt14121726,nm2163364
tt14188930,nm10365311
tt14205554,nm8313560
tt14205554,nm8172809
tt14205554,nm3133422
tt14205554,nm2282774
tt14205554,nm5655249
tt14205554,nm7703735
tt14208870,nm0000229
tt14208870,nm1065785
tt14209618,nm3294070
tt14209618,nm7339980
tt14209618,nm13222819
tt14209618,nm0788171
tt14209618,nm5366274
tt14209618,nm16880624
tt14209916,nm1843538
tt14230388,nm0027572
tt14230388,nm0178910
tt14230458,nm1110111
tt14230458,nm1206865
tt14260836,nm0005560
tt14260836,nm2352568
tt14260836,nm2555314
tt14260836,nm1243905
tt14351082,nm6861701
tt14351082,nm1920049
tt14362112,nm2533335
tt14362112,nm8540931
tt14362112,nm1124448
tt14402146,nm0005222
tt14403504,nm8175340
tt14403504,nm1950742
tt14403504,nm3360080
tt14415204,nm2456990
tt14415204,nm5898651
tt14439896,nm6793979
tt14444726,nm0276062
tt1448754,nm1249684
tt1448754,nm0744834
tt14513804,nm0972395
tt14513804,nm1173259
tt14513804,nm0615914
tt14513804,nm1564809
tt14513804,nm2871592
tt14513804,nm0800209
tt14513804,nm0456158
tt14534796,nm1267707
tt14536120,nm0119888
tt14536120,nm2984444
tt14536120,nm3996001
tt14537248,nm0813301
tt14537248,nm0465484
tt14537248,nm2402664
tt14539740,nm0744429
tt14539740,nm1417392
tt14539740,nm1440023
tt14539740,nm2916300
tt14539740,nm0908624
tt14542254,nm3453577
tt14542254,nm1473428
tt14542254,nm14452961
tt14542254,nm2053405
tt14542254,nm14452960
tt14542254,nm0380831
tt14564000,nm1894520
tt14570440,nm2343031
tt14570440,nm0202952
tt1462764,nm0125336
tt1462764,nm3890871
tt1462764,nm0462895
tt1462764,nm0003506
tt1462764,nm0000184
tt1462764,nm0442241
tt1464335,nm1988994
tt1464335,nm1436466
tt1464335,nm0391344
tt1464335,nm2616125
tt1464335,nm4731086
tt14668630,nm1520948
tt14668630,nm0204030
tt14824600,nm2731620
tt14824600,nm2176993
tt14824600,nm3907831
tt14824600,nm1581489
tt14824600,nm0866058
tt14824600,nm0101991
tt14846026,nm1118351
tt14849194,nm0376003
tt14850054,nm8175340
tt14850054,nm2133655
tt14858658,nm2368789
tt14858658,nm10151117
tt14905854,nm2125482
tt14905854,nm9133641
tt1493274,nm2555560
tt14941698,nm1990571
tt14941698,nm2162921
tt14941698,nm0484475
tt14948432,nm0604555
tt14948432,nm1205652
tt14961016,nm2675515
tt14961016,nm11125951
tt14961016,nm0656978
tt14966898,nm1454108
tt14966898,nm1637876
tt15006566,nm3124294
tt15006566,nm2507695
tt15009428,nm0297229
tt15047880,nm0462895
tt15047880,nm0000229
tt15140278,nm0000095
tt15153532,nm4285995
tt15163652,nm6474441
tt1517268,nm1950086
tt1517268,nm0000876
tt15239678,nm0898288
tt15239678,nm3123612
tt15239678,nm0378541
tt15268244,nm2213739
tt15268244,nm4183757
tt15268244,nm1004604
tt1527793,nm0922799
tt1527793,nm0661791
tt1527793,nm3209293
tt1527793,nm0001528
tt1527793,nm4572772
tt15301048,nm1377207
tt15301048,nm1183471
tt15301048,nm1375777
tt15314262,nm0934483
tt15325794,nm1491927
tt15325794,nm1470993
tt15327088,nm6158998
tt15327088,nm14127654
tt15327088,nm9650707
tt15327088,nm9924848
tt15327088,nm8833077
tt15327088,nm6142895
tt15327088,nm8918477
tt15334488,nm2500541
tt15334488,nm6849771
tt15352542,nm1584126
tt15352542,nm1349864
tt15352542,nm8213708
tt15352542,nm2219077
tt15352542,nm2694042
tt15352542,nm1172481
tt15352542,nm2744789
tt15352542,nm4741118
tt15352542,nm5166124
tt15352542,nm3010096
tt15352542,nm2378321
tt15352542,nm0000813
tt15352542,nm0005062
tt15352542,nm1407728
tt15352542,nm3750085
tt15352542,nm4166590
tt15352542,nm4191110
tt15354916,nm5961051
tt15354916,nm8024751
tt15354916,nm5046012
tt15380630,nm8526249
tt15380630,nm13222819
tt15398776,nm0634240
tt15398776,nm3284831
tt15398776,nm2452558
tt15428134,nm0430785
tt15428134,nm0386246
tt15428134,nm2837117
tt15464390,nm6014257
tt15464390,nm11462899
tt15464390,nm15160688
tt15474916,nm6475689
tt15501640,nm2572228
tt15501640,nm6748282
tt15501640,nm2391751
tt15574270,nm5313125
tt15654328,nm7992231
tt15654328,nm7188712
tt15654328,nm5338753
tt15671028,nm1969144
tt15671028,nm4544229
tt15678738,nm1814874
tt15678738,nm2795251
tt15678738,nm2412583
tt15679400,nm4723782
tt15679400,nm0796117
tt15679400,nm1544961
tt15679400,nm1960145
tt15685876,nm7484831
tt15685876,nm2581448
tt15685876,nm6650012
tt15732324,nm3538058
tt15744298,nm1802676
tt15789038,nm0387671
tt15789038,nm0969581
tt15789038,nm1597674
tt15789038,nm0812307
tt15791034,nm1199107
tt15801594,nm13076179
tt15801594,nm12954964
tt15837338,nm2117510
tt15837338,nm1779809
tt15837338,nm2280850
tt15837338,nm0975298
tt15838850,nm3011350
tt15838850,nm13686964
tt15838850,nm4037204
tt15838850,nm2943589
tt15980138,nm8669071
tt1609486,nm1115862
tt1609486,nm1911349
tt1609486,nm2181183
tt16150082,nm10561867
tt16194408,nm0399003
tt16194408,nm1847891
tt16194408,nm9202920
tt16280138,nm1730221
tt1630029,nm0000116
tt1630029,nm0415425
tt1630029,nm0798646
tt1630029,nm0295264
tt1630029,nm0004307
tt16311594,nm2676052
tt16311594,nm0472567
tt16366836,nm0545150
tt16366836,nm0362766
tt16366836,nm0568825
tt16366836,nm2163440
tt16374352,nm8424932
tt16374352,nm4572764
tt16374352,nm1358366
tt16419074,nm7418825
tt16426418,nm3936259
tt16428256,nm1396121
tt16539454,nm13345531
tt16539454,nm13222819
tt16539454,nm1335875
tt16539454,nm9489622
tt16550628,nm5683526
tt16550628,nm5684037
tt16550628,nm4224399
tt16550628,nm5683926
tt16606592,nm3619993
tt16606592,nm12028543
tt16731908,nm0545690
tt16731908,nm0604335
tt16731908,nm1703635
tt16731908,nm0763460
tt1674782,nm1464577
tt1674782,nm0436543
tt1684562,nm0488991
tt1684562,nm1510800
tt16915972,nm1322135
tt1695843,nm1767754
tt17009710,nm2630323
tt17009710,nm1932959
tt17024450,nm0921013
tt17024450,nm0805994
tt17024450,nm2030456
tt1723808,nm5245813
tt1723808,nm0458439
tt17277414,nm0494069
tt17277414,nm1768202
tt17277414,nm5365694
tt17277414,nm0683797
tt17279496,nm0307497
tt17351056,nm0165105
tt17351056,nm12091721
tt17351924,nm2193504
tt1745960,nm0472567
tt1745960,nm2545235
tt1745960,nm0003160
tt1745960,nm0185976
tt1745960,nm1098479
tt1745960,nm0143596
tt1745960,nm0258390
tt17490712,nm2916300
tt17490712,nm0095460
tt17490712,nm0864880
tt17491040,nm3005626
tt17494686,nm1672163
tt17494686,nm4975123
tt17505010,nm11202073
tt17505010,nm0000126
tt17505010,nm0440461
tt17507018,nm2268805
tt17507018,nm13423611
tt17507018,nm0000088
tt17507018,nm0859436
tt17507018,nm15022964
tt17526714,nm0267287
tt17527468,nm7681231
tt17527468,nm6976735
tt1757678,nm0000116
tt1757678,nm0415425
tt1757678,nm0798646
tt1757678,nm0295264
tt1757678,nm0004307
tt17663992,nm0888743
tt17663992,nm2361509
tt17663992,nm0932078
tt1798632,nm0000175
tt1798632,nm1802374
tt18069420,nm0103702
tt18069420,nm0678963
tt18072316,nm2423656
tt18072316,nm0080171
tt18072316,nm10778527
tt18072316,nm1804614
tt18079362,nm2873539
tt18079362,nm1054604
tt18259086,nm1352459
tt18259086,nm1351254
tt18259086,nm4465847
tt18272208,nm0744839
tt18272208,nm0000709
tt18272208,nm1332672
tt18411490,nm1356270
tt18411490,nm7163053
tt18411490,nm0159147
tt18412256,nm0639321
tt18412256,nm0795953
tt18412256,nm1793079
tt18412256,nm2140186
tt18559464,nm1177914
tt1856080,nm4355493
tt1856080,nm1872664
tt1877830,nm0716257
tt1877830,nm0185976
tt1877830,nm0004170
tt1877830,nm0277730
tt18925334,nm1488800
tt18925334,nm5301405
tt18926098,nm5099464
tt1896747,nm7019975
tt1896747,nm3319364
tt1896747,nm9670402
tt19356262,nm0001053
tt19356262,nm0177504
tt19406606,nm7435284
tt19623240,nm6294482
tt19637052,nm3819217
tt19637052,nm4299757
tt19760052,nm0870841
tt19760052,nm1142569
tt19838566,nm9945416
tt19838566,nm2825371
tt19838566,nm12124098
tt19838566,nm1101339
tt19838566,nm0007517
tt19841734,nm0308039
tt19841734,nm2271621
tt19841734,nm9200495
tt19841734,nm0140643
tt19847976,nm0392848
tt19847976,nm1401416
tt19847976,nm0777451
tt19847976,nm0536579
tt19864802,nm0295701
tt19864802,nm1827931
tt19894774,nm0172989
tt19894774,nm5322646
tt20168564,nm1569807
tt20215234,nm1661186
tt20215234,nm0365249
tt20215968,nm0000500
tt20215968,nm1412974
tt20215968,nm0390912
tt20221436,nm0002191
tt20221436,nm0081179
tt20221436,nm5674565
tt20221436,nm5365694
tt20221436,nm6451640
tt20234774,nm3019055
tt20316748,nm1104594
tt20316748,nm5335213
tt20316748,nm15579061
tt20316748,nm10050431
tt20316748,nm15982431
tt20330434,nm0654830
tt20330434,nm0681350
tt20330434,nm0077278
tt20330434,nm0894579
tt2049403,nm0568313
tt2049403,nm0933733
tt2049403,nm0332184
tt2049403,nm0587692
tt2049403,nm0334381
tt20768712,nm2250139
tt20768712,nm0799958
tt20850406,nm2380725
tt20850406,nm13046762
tt20850406,nm13929618
tt20850406,nm12962022
tt20850406,nm4157919
tt20850406,nm5716822
tt20850406,nm8048359
tt20969586,nm3069408
tt20969586,nm3355108
tt20969586,nm1598146
tt20969586,nm4987357
tt20969586,nm0498278
tt20969586,nm0456158
tt20969586,nm0800209
tt20969586,nm1286111
tt20969586,nm1219462
tt20990442,nm10310000
tt20990442,nm3534399
tt20990442,nm3258390
tt21027780,nm0442454
tt21064584,nm1699934
tt21114104,nm1127839
tt21188080,nm1959505
tt21191906,nm9339422
tt21192142,nm0354091
tt21192142,nm0945271
tt21235248,nm1481493
tt21235248,nm0718646
tt21235248,nm0718645
tt21235248,nm0000101
tt21235248,nm0000601
tt21261712,nm0339043
tt21352380,nm0619923
tt21352380,nm0865918
tt21454134,nm2158772
tt21454134,nm1490770
tt21478426,nm1248409
tt21692408,nm0008743
tt21692408,nm0074184
tt21692408,nm0501359
tt21692408,nm1865755
tt21692408,nm6562494
tt21800162,nm2424881
tt21800162,nm1055179
tt21800162,nm0181246
tt21807222,nm1539257
tt21807222,nm0831457
tt21815562,nm0683380
tt21823606,nm0251986
tt21825416,nm0926449
tt21825416,nm1601946
tt21942866,nm5589501
tt22022452,nm0498834
tt22022452,nm1439546
tt22022452,nm1626375
tt22036406,nm4157919
tt22036406,nm2489853
tt22036406,nm2350892
tt22041854,nm0001636
tt22041854,nm0363559
tt22041854,nm0001068
tt22048412,nm1488800
tt22050754,nm0169180
tt22050754,nm0293139
tt22050754,nm1052162
tt22408160,nm0487166
tt22408160,nm3328207
tt22444570,nm4399252
tt22444570,nm3328122
tt22444570,nm9812496
tt22444570,nm3642393
tt22444570,nm0711745
tt22543326,nm9012891
tt22543326,nm5325427
tt22687790,nm0338169
tt22687790,nm0002005
tt22742964,nm7415410
tt22742964,nm15105296
tt22742964,nm4954758
tt22866358,nm16033966
tt22866358,nm5029795
tt22868010,nm0304521
tt22868010,nm6046765
tt22868010,nm2957440
tt22868010,nm1166804
tt22868010,nm1596678
tt22898462,nm1968372
tt22898462,nm3915456
tt22898462,nm0424901
tt22898462,nm1490123
tt22898462,nm0370937
tt22898462,nm0370928
tt23049206,nm1604976
tt23049206,nm0233123
tt23049206,nm12043099
tt23060698,nm1125328
tt23060698,nm0185848
tt23060698,nm7706520
tt23137390,nm1664084
tt2316548,nm0474955
tt2316548,nm5193777
tt23173980,nm4097598
tt23173980,nm0000241
tt23173980,nm3532310
tt23177868,nm0309027
tt23177868,nm0529787
tt23289160,nm0945724
tt23289160,nm0393094
tt23289160,nm0613609
tt23330554,nm6294482
tt23330554,nm6233994
tt23468450,nm0674020
tt2347285,nm0732393
tt2347285,nm1480232
tt2347285,nm3056833
tt2347285,nm0567388
tt23561236,nm6852255
tt23561236,nm0263562
tt23572848,nm0103702
tt23572848,nm1073238
tt23572848,nm3833225
tt23572848,nm1684615
tt23572848,nm0384864
tt23572848,nm1521642
tt23638614,nm4870080
tt23638614,nm3522635
tt23778968,nm3936882
tt23790696,nm5039798
tt23790740,nm10876298
tt23790740,nm4106454
tt23790740,nm6054966
tt23804696,nm14449285
tt23804696,nm10466813
tt23804696,nm11598355
tt23853982,nm0815204
tt23865918,nm11753606
tt23865918,nm4943022
tt23865918,nm6272848
tt23875550,nm1962192
tt24176060,nm0123221
tt24176060,nm3936259
tt24516518,nm4147383
tt24516518,nm3642647
tt24517830,nm5732315
tt24517830,nm3002771
tt24577462,nm0919363
tt2467700,nm0831557
tt2467700,nm0000567
tt24950660,nm7822376
tt24950660,nm3263357
tt25377462,nm4101734
tt25377462,nm2684347
tt25377462,nm1210422
tt25433734,nm15830319
tt25433734,nm11753606
tt25433734,nm14427265
tt25433734,nm9834177
tt25434854,nm5415498
tt25434854,nm7291131
tt25808194,nm3649696
tt25808194,nm6711056
tt25808194,nm1420683
tt26047818,nm8004357
tt26047818,nm0323239
tt26233598,nm6158998
tt26233598,nm1333687
tt26237514,nm0464548
tt26238710,nm2124394
tt26342662,nm2067421
tt26342662,nm4868455
tt26342662,nm1490123
tt26439764,nm6142895
tt26439764,nm9650707
tt26439764,nm14127654
tt26439764,nm3918957
tt26439764,nm8048359
tt26439764,nm9440433
tt26443597,nm1158544
tt26443616,nm5428959
tt26443616,nm5512802
tt26443616,nm7264226
tt26443616,nm4720809
tt26445483,nm5602969
tt26446278,nm0241416
tt26446278,nm0478799
tt26446278,nm1141181
tt26581740,nm1199107
tt26584495,nm1289733
tt26657236,nm5829994
tt26657236,nm10735410
tt26658104,nm0905592
tt26658104,nm0258627
tt26658104,nm0649663
tt26684398,nm12957639
tt26684398,nm1287521
tt26731216,nm1731937
tt26731216,nm1726854
tt26736843,nm10064730
tt26736843,nm14564101
tt26743210,nm0213450
tt26743210,nm2441763
tt26743210,nm0204030
tt26743210,nm0761498
tt26745657,nm0447240
tt26753003,nm0796117
tt26903104,nm9445831
tt26927452,nm4099092
tt26927452,nm1070597
tt26927452,nm8407249
tt26932223,nm2022237
tt26936666,nm4377096
tt27004148,nm1322135
tt27047903,nm0932078
tt27047903,nm2361509
tt27047903,nm0888743
tt27056012,nm2414127
tt27056012,nm7723547
tt27056012,nm3798121
tt27056012,nm0182499
tt27056012,nm0002645
tt27056012,nm2601560
tt27056012,nm0712330
tt27118357,nm9055195
tt27131358,nm5387559
tt27155038,nm0103702
tt27155038,nm7325081
tt27155038,nm3253620
tt27155038,nm3111248
tt27155038,nm0567112
tt27155038,nm0210320
tt27155038,nm7172293
tt27196021,nm0909629
tt27196021,nm10668488
tt27403986,nm3524942
tt27419466,nm1158544
tt27419466,nm2834849
tt27419466,nm0166256
tt27419466,nm0615780
tt27431598,nm6572056
tt27431598,nm18102486
tt27431598,nm18102487
tt27431598,nm9441885
tt27441481,nm9012891
tt27441481,nm7992231
tt27487934,nm16513575
tt27487934,nm13543587
tt27487934,nm5965104
tt27487934,nm13164073
tt27487934,nm9086605
tt27487934,nm1862815
tt27487934,nm3586739
tt27489557,nm3289681
tt27489557,nm2361509
tt27490099,nm0500976
tt27490099,nm1132407
tt27490099,nm1604976
tt27490099,nm0483451
tt27490099,nm14746167
tt27502365,nm0001429
tt27503384,nm0000694
tt27503384,nm3326333
tt27534307,nm1220140
tt27534307,nm0846369
tt27534307,nm1582843
tt27540217,nm7587855
tt27543578,nm2106637
tt27543632,nm0814412
tt27543632,nm14768317
tt27564844,nm6179964
tt27564844,nm7510342
tt27587485,nm1670494
tt27613895,nm2296454
tt27613895,nm5045313
tt27613895,nm7050237
tt27613895,nm1095804
tt27613895,nm7639608
tt27657135,nm1481493
tt27657135,nm0718646
tt27681354,nm0005363
tt27712015,nm3851426
tt27714581,nm1258777
tt27714581,nm1258686
tt27714946,nm0674020
tt27714946,nm0000175
tt27744786,nm6748282
tt27744786,nm7630832
tt27757805,nm5046012
tt27757805,nm9341997
tt27847051,nm2207625
tt27852049,nm5046012
tt27852049,nm1547713
tt27852049,nm7978607
tt27852049,nm4990507
tt27852049,nm1332681
tt27852049,nm1656334
tt27907811,nm6649966
tt27907811,nm15734962
tt27911000,nm2093171
tt27922706,nm2590164
tt27922706,nm2858322
tt27922706,nm6930680
tt27922706,nm7704431
tt27922706,nm8124944
tt27922706,nm17015144
tt27995594,nm5378778
tt27995594,nm10091335
tt27995594,nm5165718
tt28015403,nm1399714
tt28015403,nm1456816
tt28037987,nm4409814
tt28037987,nm8121050
tt28078628,nm0201304
tt28083456,nm0177896
tt28083456,nm0004715
tt28083456,nm1746309
tt28083456,nm1831311
tt28151876,nm2136604
tt28151876,nm9663957
tt28151876,nm13169103
tt28151876,nm7896231
tt28151876,nm9663960
tt28151876,nm9663950
tt28249919,nm0462895
tt28259207,nm2418372
tt28259207,nm11516132
tt28288786,nm9214307
tt28288786,nm12741542
tt28358950,nm12304446
tt28358950,nm2572228
tt28363783,nm0159147
tt28363783,nm0159167
tt28363783,nm3002771
tt28363783,nm1356270
tt28363783,nm15192292
tt28443655,nm3659547
tt28607951,nm0048918
tt28630624,nm10592371
tt28630624,nm15196601
tt28630624,nm10566938
tt28650488,nm3821363
tt28671344,nm0169180
tt28671344,nm0293139
tt28671344,nm1052162
tt28682323,nm0169180
tt28682323,nm0293139
tt28682323,nm1052162
tt28696532,nm0037136
tt28696532,nm0266049
tt28696532,nm0266045
tt28696532,nm0299134
tt28696532,nm0836874
tt28763074,nm5193944
tt28763074,nm11186732
tt28814949,\N
tt28856462,nm8712409
tt28996126,nm4401003
tt28996126,nm2410105
tt29031019,nm4647793
tt29031019,nm15373625
tt2906216,nm0326246
tt2906216,nm0197855
tt2906216,nm0318580
tt2906216,nm0003021
tt29137778,nm4695830
tt29137778,nm15260471
tt29137778,nm7918285
tt29268110,nm6475689
tt29344903,nm5132581
tt29344974,nm0323558
tt29344974,nm4715055
tt29354040,nm0461498
tt29355505,nm0004056
tt29355505,nm7499718
tt29383379,nm8386553
tt29439114,nm0000264
tt29439114,nm3145588
tt29540862,nm2022237
tt29540862,nm3742134
tt29540862,nm0698184
tt29540862,nm8121050
tt29544253,nm0444339
tt29544253,nm0387541
tt29544253,nm0000850
tt29544253,nm0604377
tt29567915,nm0888743
tt29567915,nm3330932
tt29603959,nm2556052
tt29606499,nm6176498
tt29623480,nm0761498
tt29623480,nm2464094
tt2963262,nm0141127
tt2963262,nm0667734
tt2963262,nm0394114
tt2963262,nm1970598
tt29644189,nm0454872
tt29644189,nm0220600
tt29644189,nm1803036
tt30017619,nm3229505
tt30017619,nm1000113
tt30017619,nm0085109
tt30024043,nm2774833
tt30024043,nm4758481
tt30024043,nm17808663
tt30024043,nm17808664
tt30024043,nm2699705
tt30057084,nm0717603
tt30144839,nm0000759
tt30144839,nm1535410
tt30253473,nm10227660
tt30274401,nm6926569
tt30327451,nm0183686
tt30327451,nm15565618
tt30327451,nm2214386
tt30327451,nm16574223
tt30327451,nm3296910
tt30343021,nm0108132
tt30343021,nm0463473
tt30387012,nm5046012
tt30387012,nm2935963
tt30387012,nm5326250
tt30395619,nm10281577
tt30472557,nm12712452
tt30472557,nm5003154
tt30476486,nm6794152
tt30476486,nm4679096
tt30476518,nm8928809
tt30505698,nm2440581
tt30645201,nm0001053
tt30645201,nm0177504
tt30788842,nm1362799
tt30788842,nm1740044
tt30788842,nm2616615
tt30795948,nm6113836
tt30795948,nm15688161
tt30795948,nm2760347
tt30825738,nm0269463
tt30825738,nm1396048
tt30825738,nm4987104
tt30825738,nm0000184
tt30827810,nm1108556
tt30829309,nm3954274
tt30829309,nm9535058
tt30840798,nm0027572
tt30840798,nm0178910
tt30851137,nm0350454
tt30851137,nm0791217
tt30908405,nm0000816
tt30908405,nm0568180
tt30908405,nm3241039
tt30955489,nm2477891
tt30955489,nm1397455
tt30970235,nm2336554
tt30970235,nm15591369
tt30970235,nm8915138
tt30970235,nm4533599
tt30970235,nm5059339
tt30988739,nm0462895
tt31036941,nm0462895
tt31036941,nm0000341
tt31050594,nm1015789
tt31064841,nm1365879
tt31064841,nm3335696
tt31064841,nm1704972
tt31064841,nm7706798
tt31170389,nm7146773
tt31170389,nm5774643
tt31176520,nm4170048
tt31184028,nm5479260
tt31193180,nm3363032
tt31193791,nm2100477
tt31195136,nm4401003
tt31195136,nm0644022
tt31227572,nm1725034
tt31227572,nm0870469
tt31227572,nm0859029
tt31227572,nm0859049
tt31314296,nm4581676
tt31390893,nm11901915
tt31390893,nm1299011
tt31390893,nm5609024
tt31390893,nm7346523
tt31392609,nm5503969
tt31392609,nm4691847
tt31434030,nm0000108
tt31434030,nm0831290
tt31434639,nm4918648
tt31434639,nm0307497
tt31514146,nm0428600
tt31712434,nm1802449
tt31712434,nm7978607
tt31712434,nm4990507
tt31712434,nm1436693
tt31727267,nm8287647
tt31727267,nm0637492
tt31727267,nm0637493
tt31728330,nm5001945
tt31728330,nm0514821
tt31844586,nm1118351
tt31888477,nm0271501
tt31898445,nm5312974
tt31898445,nm16364158
tt31923069,nm0178376
tt31923069,nm2324742
tt31945132,nm5366274
tt31956415,nm4343561
tt31956415,nm3833251
tt31956415,nm0734742
tt31969779,nm0080235
tt31969779,nm9076766
tt31969779,nm1583746
tt31973693,nm0012258
tt31973693,nm1110111
tt32063050,nm0276144
tt32063050,nm0563243
tt32063050,nm0604448
tt32080876,nm13142844
tt32080876,nm11065997
tt32080876,nm10869704
tt32093575,nm0005541
tt32093575,nm0915465
tt32093575,nm0005540
tt32093575,nm0915460
tt32093575,nm0023315
tt32093575,nm0424688
tt32093575,nm0064556
tt32093575,nm0294997
tt32093575,nm0783536
tt32104007,nm2792198
tt32104007,nm0699103
tt32104007,nm2296528
tt32141377,nm0307497
tt32149847,nm3273842
tt32149847,nm1496753
tt32159989,nm6025758
tt32178949,nm1488024
tt32214143,nm10591795
tt32214143,nm13173501
tt32214143,nm7320549
tt32214143,nm3959376
tt32214143,nm3112957
tt32214143,nm1012373
tt32214143,nm0426365
tt32214143,nm0502073
tt32221196,nm6792665
tt32223398,nm7339980
tt32223398,nm5627672
tt32223398,nm3990580
tt32246771,nm4053334
tt32246771,nm5921025
tt32284154,nm11266234
tt32284154,nm8246243
tt32284154,nm11647432
tt32298285,nm3277567
tt32298285,nm3890574
tt32299316,nm11454779
tt32306991,nm8007224
tt32306991,nm8007227
tt32306991,nm0416673
tt32321317,nm7502337
tt32321317,nm11272776
tt32332404,nm11454779
tt32357218,nm2337604
tt32369229,nm5052587
tt32369229,nm16344878
tt32369229,nm5160260
tt32369229,nm6954250
tt32369229,nm5366442
tt32430579,nm1717925
tt32430579,nm0972454
tt32547691,nm0354069
tt32547691,nm2285536
tt32558992,nm5024076
tt32558992,nm0484907
tt32558992,nm3208182
tt32565993,nm0563301
tt32565993,nm2284429
tt32606470,nm0753423
tt32612507,nm2091846
tt32649961,nm5335213
tt32649961,nm0989998
tt32649961,nm15000259
tt32649961,nm6225858
tt32649961,nm6576432
tt32820897,nm10281577
tt32820897,nm2137662
tt32843325,nm3220563
tt32843325,nm9045468
tt32843325,nm11075029
tt32843325,nm4069612
tt32843325,nm0770005
tt32843325,nm0523760
tt32843325,nm17018329
tt32843325,nm8358501
tt32890033,nm1853544
tt32890033,nm0528244
tt32897959,nm0111577
tt32897959,nm2193504
tt3291150,nm0934483
tt3291150,nm5087248
tt3291150,nm2809844
tt3291150,nm3079735
tt3291150,nm1709264
tt32916440,nm2563482
tt32916440,nm1343394
tt33014583,nm2336554
tt33014583,nm13832479
tt33014583,nm7933840
tt33028778,nm1266897
tt33028778,nm2033094
tt33034103,nm1721001
tt33034103,nm1432883
tt33034103,nm9503133
tt33034103,nm2447772
tt33046197,nm2267086
tt33057137,nm0012078
tt33057137,nm1275164
tt33071426,nm5589501
tt33088452,nm0573185
tt33088452,nm6895402
tt33244668,nm3230448
tt33244668,nm1072410
tt33244668,nm0061829
tt33244668,nm0143596
tt33244668,nm0258390
tt33245761,nm7848049
tt33245761,nm14102966
tt33245761,nm18488960
tt33245761,nm18489011
tt33245761,nm18403485
tt33245761,nm17764473
tt33296751,nm4173215
tt33296751,nm0709070
tt33311069,nm4273743
tt33311069,nm8824215
tt33311069,nm10050431
tt33311069,nm7070947
tt33372494,nm7761751
tt33372494,nm9009984
tt33381728,nm5728875
tt33381728,nm9607400
tt33381728,nm9607401
tt33381728,nm9607402
tt33381728,nm9607397
tt33381728,nm10132570
tt33381728,nm10143694
tt33381728,nm10529312
tt33381728,nm9607403
tt33381728,nm10529303
tt33412884,nm3525879
tt33612209,nm1916979
tt33612209,nm0112459
tt33714084,nm1222477
tt33714084,nm6895402
tt33763941,nm3628670
tt33763941,nm16599634
tt33978029,nm2361509
tt33978029,nm1459583
tt3402138,nm2287168
tt3402138,nm3096061
tt3402138,nm1676223
tt3402138,nm0000720
tt3402138,nm0001878
tt3402138,nm0958387
tt3427252,nm1399714
tt3427252,nm1456816
tt3427252,nm2114730
tt3427252,nm0000175
tt34365591,nm16737874
tt34365591,nm16669996
tt34365591,nm16722726
tt34365591,nm18135443
tt34459219,nm2567088
tt34459219,nm2356525
tt3447590,nm2393111
tt3447590,nm2423358
tt3447590,nm0001094
tt34621892,nm0002645
tt34621892,nm3289512
tt34621892,nm13233166
tt34621892,nm0182499
tt34621892,nm4990474
tt34888646,nm3634546
tt34956443,nm17018329
tt34956443,nm8358501
tt34956443,nm1169562
tt34996428,nm1287124
tt34996428,nm1286935
tt34996428,nm3321995
tt34996428,nm13038032
tt34996428,nm15737251
tt35019998,nm6314922
tt35019998,nm18213844
tt35019998,nm4157919
tt35019998,nm9681003
tt35019998,nm1464314
tt35019998,nm5194438
tt35019998,nm7959030
tt35064672,nm4812773
tt35064672,nm3060331
tt35222590,nm16871341
tt35222590,nm6433179
tt35222590,nm2929057
tt35231039,nm0645766
tt35231039,nm2398252
tt35291758,\N
tt35521922,nm2436881
tt35521922,nm3828044
tt35524793,nm11789308
tt35524793,nm16484294
tt35524793,nm6424616
tt3566834,nm0101302
tt3566834,nm1376062
tt3566834,nm1382051
tt3566834,nm1008811
tt3566834,nm3658138
tt3566834,nm2284377
tt35672862,nm2163762
tt35892608,nm3688666
tt36352591,nm0257513
tt36352591,nm17162509
tt36491653,nm0070159
tt36491653,nm9824985
tt36491653,nm2158640
tt36491653,nm18145788
tt36598036,nm3937169
tt36598036,nm11201834
tt36598036,nm4734096
tt3704428,nm0525303
tt3704428,nm5150018
tt3704428,nm0668902
tt3704428,nm0232442
tt37287335,nm10533874
tt37333137,nm1665004
tt37333137,nm11383761
tt3758542,nm0448392
tt3758542,nm0946717
tt37956153,nm13202849
tt37956153,nm12281560
tt37956153,nm17613610
tt38350059,nm0638115
tt38350059,nm2504581
tt38693888,nm6432419
tt39018643,nm9531498
tt39018643,nm8483808
tt39139925,nm2336554
tt39143902,nm3184288
tt3915174,nm0279729
tt3915174,nm0842476
tt3915174,nm1117226
tt3915174,nm0674518
tt39316472,nm0010338
tt39316472,nm1125271
tt39316472,nm2207459
tt39316472,nm1079524
tt39316472,nm1029269
tt39316472,nm0257424
tt39316472,nm9301658
tt39316472,nm0424216
tt39316472,nm1035634
tt39316472,nm1029878
tt39316472,nm0569199
tt39316472,nm1719646
tt39316472,nm0690686
tt39316472,nm0828177
tt39316472,nm1017027
tt39316472,nm0871860
tt39316472,nm4926932
tt39316472,nm10559277
tt4045450,nm8609631
tt4045450,nm3066492
tt4045450,nm3159868
tt4045450,nm0242028
tt4123432,nm0746830
tt4123432,nm0460141
tt4216984,nm1191481
tt4216984,nm1151458
tt4357198,nm3621304
tt4357198,nm0357607
tt4357198,nm0226538
tt4357198,nm0395170
tt4428398,nm0831847
tt4428398,nm2490985
tt4428398,nm0000316
tt4428398,nm0825799
tt4428398,nm0000921
tt4428398,nm0001640
tt4428398,nm0880078
tt4495098,nm0355699
tt4495098,nm1598140
tt4495098,nm0874844
tt4589218,nm6926569
tt4589218,nm2417104
tt4589218,nm0849747
tt4589218,nm3273770
tt4589218,nm3225709
tt4627382,nm0161834
tt4627382,nm1785754
tt4712810,nm2078681
tt4712810,nm1116660
tt4712810,nm1014201
tt4712810,nm0334381
tt4712810,nm2545235
tt4712810,nm0945026
tt4712810,nm3242689
tt4772188,nm6478535
tt4772188,nm5186633
tt4772188,nm1054433
tt4873118,nm0005363
tt4873118,nm6842463
tt4873118,nm3044095
tt4900148,nm3264196
tt4900148,nm3472302
tt4900148,nm0428873
tt4900148,nm2937122
tt4900148,nm6461347
tt4900148,nm7626019
tt4900148,nm5428959
tt4900148,nm6063385
tt4919268,nm6200158
tt4919268,nm3263825
tt4919268,nm0303032
tt4960748,nm3650203
tt4960748,nm2007557
tt4960748,nm2703824
tt4978420,nm0744834
tt4978420,nm2154161
tt4996328,nm0000672
tt4996328,nm2609807
tt4996328,nm0460951
tt4998632,nm1776338
tt4998632,nm0612664
tt4998632,nm1099296
tt5040012,nm3211470
tt5040012,nm0301961
tt5040012,nm0831290
tt5090568,nm1703612
tt5090568,nm10258983
tt5090568,nm8352716
tt5090568,nm0388375
tt5090568,nm0388377
tt5108870,nm1948885
tt5108870,nm2332952
tt5113044,nm3821363
tt5113044,nm0528244
tt5177120,nm0848496
tt5177120,nm2053216
tt5177120,nm3885069
tt5177120,nm0005363
tt5177120,nm2677395
tt5181260,nm0348197
tt5181260,nm7499812
tt5181260,nm16674640
tt5433140,nm2669197
tt5433140,nm0510912
tt5433140,nm3916149
tt5433140,nm0860155
tt5500218,nm0776885
tt5525650,nm7976141
tt5525650,nm1720336
tt5537002,nm0744839
tt5537002,nm0000217
tt5537002,nm2970418
tt5672290,nm5654281
tt5672290,nm6674331
tt5672290,nm8928699
tt5672290,nm3617711
tt5672290,nm0783544
tt5761544,nm8175340
tt5779228,nm0438350
tt5779228,nm0868005
tt5779228,nm0721675
tt5779228,nm0204825
tt5779228,nm1072409
tt5779228,nm1969144
tt5822536,nm1286491
tt5822536,nm1653753
tt5822536,nm1375030
tt5822536,nm0123666
tt5822536,nm3202466
tt5822536,nm2023623
tt5834426,nm0000386
tt5834426,nm0460057
tt5834426,nm3079735
tt5884796,nm5684500
tt5884796,nm0204731
tt5950044,nm0348181
tt5950044,nm0796950
tt5950044,nm0795975
tt5971474,nm1341735
tt5971474,nm0026153
tt5971474,nm0615780
tt5971474,nm0166256
tt6133444,nm1503575
tt6166392,nm0001094
tt6166392,nm1653753
tt6166392,nm1375030
tt6208148,nm0933379
tt6208148,nm0342278
tt6208148,nm0342303
tt6263850,nm0005351
tt6263850,nm1014201
tt6263850,nm1116660
tt6263850,nm2745845
tt6263850,nm0506613
tt6263850,nm0509580
tt6263850,nm1436760
tt6263850,nm0918083
tt6263850,nm0739661
tt6263850,nm1079460
tt6263850,nm0859471
tt6263850,nm0800209
tt6263850,nm0456158
tt6263850,nm0588340
tt6443346,nm1186373
tt6443346,nm3239033
tt6443346,nm2126954
tt6443346,nm1791910
tt6443346,nm1304148
tt6443346,nm0456158
tt6443346,nm0796950
tt6443346,nm0795975
tt6455162,nm8380633
tt6455162,nm2022237
tt6455162,nm7174796
tt6455162,nm2260872
tt6495056,nm0925234
tt6495056,nm2883649
tt6495056,nm0202425
tt6495056,nm4784114
tt6528290,nm1061091
tt6528290,nm1173295
tt6528290,nm1195697
tt6528290,nm1030700
tt6587046,nm0594503
tt6604188,nm0927889
tt6604188,nm0226547
tt6604188,nm0513974
tt6604188,nm0531381
tt6685538,nm7760581
tt6685538,nm0880342
tt6710474,nm3453283
tt6710474,nm3215397
tt6718170,nm3821363
tt6722802,nm1184258
tt6722802,nm0001403
tt6722802,nm0052581
tt6722802,nm0151452
tt6791350,nm0348181
tt6791350,nm4160687
tt6791350,nm0498278
tt6791350,nm1293367
tt6791350,nm0456158
tt6791350,nm1921680
tt6791350,nm1411347
tt6791350,nm0827836
tt6791350,nm1815387
tt6791350,nm1598145
tt6791350,nm2757098
tt6791350,nm0317493
tt6791350,nm3053444
tt6881490,nm2647119
tt6881490,nm3013928
tt6906292,nm1157609
tt6906292,nm9003039
tt6979756,nm17018329
tt6979756,nm9045468
tt6979756,nm3220563
tt6979756,nm11075029
tt6979756,nm4069612
tt6979756,nm8358501
tt7068946,nm4057793
tt7093904,nm1014213
tt7093904,nm6158373
tt7093904,nm1282993
tt7093904,nm4834420
tt7093904,nm15418656
tt7160372,nm0322242
tt7160372,nm0025007
tt7171442,nm4915522
tt7181546,nm8748334
tt7181546,nm4401003
tt7322224,nm1128037
tt7405458,nm7554519
tt7405458,nm0391502
tt7405458,nm1341735
tt7466442,nm0098908
tt7466442,nm2451853
tt7466442,nm0312919
tt7510222,nm0925234
tt7510222,nm0202425
tt7599146,nm6861701
tt7599146,nm1920049
tt7657566,nm0338169
tt7657566,nm0002005
tt7693316,nm3419858
tt7693316,nm3893742
tt7693316,nm5765902
tt7967302,nm3529416
tt7967302,nm0972395
tt7967302,nm0859708
tt7967302,nm6034799
tt7985704,nm0005363
tt7985704,nm6842463
tt7985704,nm3044095
tt8008948,nm0345615
tt8008948,nm0771228
tt8036976,nm1226735
tt8036976,nm1226737
tt8041270,nm3045440
tt8041270,nm1119880
tt8041270,nm2081046
tt8041270,nm0000341
tt8080204,nm0001675
tt8080204,nm1440919
tt8093700,nm0828342
tt8093700,nm0004742
tt8097030,nm3264196
tt8097030,nm7626019
tt8097030,nm4927551
tt8110652,nm11972817
tt8110652,nm9682332
tt8115900,nm0085109
tt8115900,nm1000113
tt8178634,nm2353436
tt8178634,nm1442514
tt8178634,nm7339980
tt8178634,nm1523325
tt8178634,nm4157919
tt8277246,nm5278287
tt8356942,nm0714246
tt8356942,nm1334526
tt8368368,nm6215044
tt8373206,nm1969639
tt8373206,nm1724319
tt8521778,nm1010540
tt8521778,nm1248193
tt8521778,nm1598140
tt8521778,nm3232264
tt8589698,nm0736622
tt8589698,nm1698571
tt8589698,nm6676487
tt8589698,nm2021624
tt8589698,nm1658012
tt8589698,nm1895993
tt8589698,nm0481990
tt8589698,nm0247653
tt8760708,nm4868455
tt8760708,nm1490123
tt8790086,nm0921013
tt8790086,nm1436466
tt8790086,nm0391344
tt8790086,nm0498278
tt8790086,nm0228492
tt8814476,nm2815009
tt8814476,nm0796950
tt8814476,nm0795975
tt8814476,nm2916300
tt8864596,nm3069408
tt8864596,nm3029372
tt8864596,nm2592245
tt8864596,nm1992327
tt8912936,nm2972864
tt8912936,nm4465847
tt8912936,nm0796950
tt8912936,nm0795975
tt8912936,nm0004170
tt8912936,nm0277730
tt8912936,nm0551376
tt8999762,nm1227232
tt8999762,nm2178754
tt9006564,nm14202721
tt9006564,nm6272974
tt9044418,nm7772085
tt9044418,nm2973729
tt9044418,nm10147073
tt9044418,nm7030556
tt9051908,nm0410958
tt9051908,nm0000041
tt9051908,nm0368074
tt9051908,nm0644823
tt9100018,nm4047694
tt9104736,nm8380633
tt9104736,nm7174796
tt9104736,nm1160374
tt9104736,nm0618898
tt9104736,nm10667735
tt9104736,nm2260872
tt9104736,nm10592952
tt9114286,nm3363032
tt9114286,nm1963288
tt9114286,nm0498278
tt9114286,nm0456158
tt9150192,nm1570426
tt9150192,nm0000230
tt9150192,nm0043742
tt9179430,nm7992231
tt9179430,nm7188712
tt9185206,nm2609807
tt9185206,nm0089755
tt9198364,nm0004306
tt9198364,nm3569966
tt9198364,nm0125706
tt9214772,nm2353862
tt9214772,nm1618125
tt9214772,nm0171722
tt9218128,nm0291905
tt9218128,nm0185976
tt9218128,nm0769227
tt9224104,nm0388377
tt9224104,nm0388375
tt9224104,nm1212988
tt9224104,nm0022709
tt9362722,nm0520488
tt9362722,nm0588087
tt9362722,nm1709264
tt9362930,nm3722546
tt9411972,nm3380457
tt9411972,nm3599054
tt9419884,nm5642271
tt9419884,nm0498278
tt9419884,nm0228492
tt9603208,nm0312367
tt9603208,nm0003160
tt9603208,nm0420701
tt9603212,nm0312367
tt9603212,nm0003160
tt9603212,nm0420701
tt9619824,nm2361509
tt9619824,nm1107925
tt9619824,nm1218281
tt9619824,nm0714695
tt9663764,nm0424901
tt9663764,nm1490123
tt9663764,nm0597388
tt9663764,nm6198803
tt9663764,nm3542504
tt9663764,nm0918816
tt9682428,nm3241399
tt9682428,nm2060444
tt9731598,nm2813994
tt9731598,nm0831557
tt9764362,nm2219721
tt9764362,nm4301557
tt9848626,nm4447413
tt9848626,nm6392441
tt9848626,nm0850733
tt9848626,nm0244110
